-- phpMyAdmin SQL Dump
-- version 5.2.1
-- https://www.phpmyadmin.net/
--
-- Host: 127.0.0.1
-- Creato il: Lug 24, 2025 alle 18:06
-- Versione del server: 10.4.32-MariaDB
-- Versione PHP: 8.2.12

SET SQL_MODE = "NO_AUTO_VALUE_ON_ZERO";
START TRANSACTION;
SET time_zone = "+00:00";


/*!40101 SET @OLD_CHARACTER_SET_CLIENT=@@CHARACTER_SET_CLIENT */;
/*!40101 SET @OLD_CHARACTER_SET_RESULTS=@@CHARACTER_SET_RESULTS */;
/*!40101 SET @OLD_COLLATION_CONNECTION=@@COLLATION_CONNECTION */;
/*!40101 SET NAMES utf8mb4 */;

--
-- Database: `progetto1`
--

-- --------------------------------------------------------

--
-- Struttura della tabella `avvisi`
--

CREATE TABLE `avvisi` (
  `id_avviso` bigint(20) UNSIGNED NOT NULL,
  `categoria` enum('Richiesta','Avviso') NOT NULL,
  `messaggio` text NOT NULL,
  `data_invio` datetime NOT NULL,
  `id_cliente` bigint(20) UNSIGNED NOT NULL,
  `id_lavoratore` bigint(20) UNSIGNED DEFAULT NULL,
  `oggetto` enum('Ritiro rifiuti speciali','Invia ticket','Supporto tecnico','Altro','Avviso rifiuto non conforme') NOT NULL
) ENGINE=InnoDB DEFAULT CHARSET=utf8mb4 COLLATE=utf8mb4_unicode_ci;

--
-- Dump dei dati per la tabella `avvisi`
--

INSERT INTO `avvisi` (`id_avviso`, `categoria`, `messaggio`, `data_invio`, `id_cliente`, `id_lavoratore`, `oggetto`) VALUES
(3, 'Richiesta', 'defrgbvfcdsvfh', '2025-07-22 13:43:40', 3, 1, 'Ritiro rifiuti speciali'),
(9, 'Avviso', 'dwefrgthjm11324356', '2025-07-23 11:19:57', 3, 1, 'Avviso rifiuto non conforme'),
(10, 'Avviso', '/avvisi/cliente/crea', '2025-07-23 11:20:49', 2, 2, 'Avviso rifiuto non conforme'),
(15, 'Avviso', 'ciao 1', '2025-07-23 12:57:25', 4, 2, 'Avviso rifiuto non conforme'),
(16, 'Richiesta', 'Non riesco a cancellare l\'account', '2025-07-24 11:28:11', 8, 1, 'Supporto tecnico'),
(17, 'Avviso', '123456789', '2025-07-24 13:32:34', 8, 1, 'Avviso rifiuto non conforme'),
(18, 'Richiesta', 'zxcvbnm,.', '2025-07-24 13:34:22', 8, 1, 'Ritiro rifiuti speciali'),
(19, 'Avviso', 'ascdvgfbhjk', '2025-07-24 13:35:53', 8, 1, 'Avviso rifiuto non conforme'),
(20, 'Richiesta', 'dsfwaegreuaerfhzrfejhaezjzaetjzedtjzedtjkart§ààùàùàùàùàù', '2025-07-24 13:36:36', 6, 1, 'Altro'),
(21, 'Avviso', 'zaz', '2025-07-24 13:37:00', 6, 1, 'Avviso rifiuto non conforme'),
(22, 'Richiesta', 'u', '2025-07-24 13:39:32', 6, 1, 'Supporto tecnico'),
(23, 'Avviso', '. .,.,.,.m.', '2025-07-24 13:41:40', 8, 1, 'Avviso rifiuto non conforme');

-- --------------------------------------------------------

--
-- Struttura della tabella `cache`
--

CREATE TABLE `cache` (
  `key` varchar(255) NOT NULL,
  `value` mediumtext NOT NULL,
  `expiration` int(11) NOT NULL
) ENGINE=InnoDB DEFAULT CHARSET=utf8mb4 COLLATE=utf8mb4_unicode_ci;

--
-- Dump dei dati per la tabella `cache`
--

INSERT INTO `cache` (`key`, `value`, `expiration`) VALUES
('laravel-cache-ac3478d69a3c81fa62e60f5c3696165a4e5e6ac4', 'i:1;', 1753355350),
('laravel-cache-ac3478d69a3c81fa62e60f5c3696165a4e5e6ac4:timer', 'i:1753355350;', 1753355350),
('laravel-cache-mario.rossi@example.com|127.0.0.1', 'i:1;', 1753260111),
('laravel-cache-mario.rossi@example.com|127.0.0.1:timer', 'i:1753260111;', 1753260111);

-- --------------------------------------------------------

--
-- Struttura della tabella `cache_locks`
--

CREATE TABLE `cache_locks` (
  `key` varchar(255) NOT NULL,
  `owner` varchar(255) NOT NULL,
  `expiration` int(11) NOT NULL
) ENGINE=InnoDB DEFAULT CHARSET=utf8mb4 COLLATE=utf8mb4_unicode_ci;

-- --------------------------------------------------------

--
-- Struttura della tabella `calendario`
--

CREATE TABLE `calendario` (
  `CAP` varchar(10) NOT NULL,
  `fascia_oraria_` varchar(50) NOT NULL,
  `lunedì` varchar(50) DEFAULT NULL,
  `martedì` varchar(50) DEFAULT NULL,
  `mercoledì` varchar(50) DEFAULT NULL,
  `giovedì` varchar(50) DEFAULT NULL,
  `venerdì` varchar(50) DEFAULT NULL,
  `sabato` varchar(50) DEFAULT NULL,
  `domenica` varchar(50) DEFAULT NULL
) ENGINE=InnoDB DEFAULT CHARSET=utf8mb4 COLLATE=utf8mb4_unicode_ci;

--
-- Dump dei dati per la tabella `calendario`
--

INSERT INTO `calendario` (`CAP`, `fascia_oraria_`, `lunedì`, `martedì`, `mercoledì`, `giovedì`, `venerdì`, `sabato`, `domenica`) VALUES
('70010', '06:00-08:00', 'organico', 'plastica', 'carta', 'indifferenziato', NULL, NULL, NULL),
('70037', '20:05-01:09', 'carta', NULL, 'organico', 'vetro', 'plastica', 'plastica', 'plastica'),
('70100', '06:00-08:00', 'plastica', 'vetro', 'carta', NULL, 'organico', NULL, 'indifferenziato'),
('70120', '20:00-22:00', 'organico', NULL, 'indifferenziato', 'plastica', NULL, 'carta', NULL),
('70121', '06:00-08:00', 'organico', 'plastica', 'organico', 'carta', 'indifferenziato', NULL, NULL),
('70122', '09:59-06:05', 'indifferenziato', 'indifferenziato', 'indifferenziato', 'indifferenziato', 'indifferenziato', 'indifferenziato', 'carta'),
('70123', '06:00-08:00', 'organico', NULL, NULL, 'plastica', 'vetro', 'carta', NULL),
('70124', '06:00-08:00', NULL, 'carta', 'organico', 'indifferenziato', NULL, NULL, 'plastica'),
('70125', '20:00-22:00', 'plastica', NULL, 'vetro', 'organico', NULL, 'carta', 'indifferenziato'),
('70126', '06:00-08:00', NULL, 'organico', NULL, 'carta', 'plastica', 'indifferenziato', NULL),
('70127', '20:00-22:00', 'vetro', NULL, NULL, 'organico', 'carta', NULL, 'indifferenziato'),
('70128', '06:00-08:00', 'organico', 'carta', NULL, 'plastica', NULL, NULL, 'indifferenziato'),
('70129', '06:00-08:00', NULL, NULL, 'organico', NULL, 'carta', 'vetro', 'indifferenziato'),
('70131', '20:00-22:00', 'plastica', NULL, 'carta', NULL, 'organico', NULL, 'indifferenziato'),
('70132', '06:00-08:00', NULL, 'organico', NULL, 'plastica', 'vetro', NULL, 'indifferenziato'),
('74123', '20:00-22:00', 'carta', NULL, NULL, 'organico', 'plastica', NULL, 'indifferenziato'),
('74125', '06:00-08:00', NULL, 'organico', NULL, 'vetro', 'carta', NULL, 'indifferenziato'),
('74126', '20:00-22:00', 'plastica', NULL, 'organico', NULL, 'carta', NULL, 'indifferenziato');

-- --------------------------------------------------------

--
-- Struttura della tabella `failed_jobs`
--

CREATE TABLE `failed_jobs` (
  `id` bigint(20) UNSIGNED NOT NULL,
  `uuid` varchar(255) NOT NULL,
  `connection` text NOT NULL,
  `queue` text NOT NULL,
  `payload` longtext NOT NULL,
  `exception` longtext NOT NULL,
  `failed_at` timestamp NOT NULL DEFAULT current_timestamp()
) ENGINE=InnoDB DEFAULT CHARSET=utf8mb4 COLLATE=utf8mb4_unicode_ci;

-- --------------------------------------------------------

--
-- Struttura della tabella `indirizzi`
--

CREATE TABLE `indirizzi` (
  `id_indirizzo` bigint(20) UNSIGNED NOT NULL,
  `tipo_indirizzo` varchar(50) DEFAULT NULL,
  `nome_indirizzo` varchar(255) NOT NULL,
  `civico` varchar(20) DEFAULT NULL,
  `CAP` varchar(10) DEFAULT NULL
) ENGINE=InnoDB DEFAULT CHARSET=utf8mb4 COLLATE=utf8mb4_unicode_ci;

--
-- Dump dei dati per la tabella `indirizzi`
--

INSERT INTO `indirizzi` (`id_indirizzo`, `tipo_indirizzo`, `nome_indirizzo`, `civico`, `CAP`) VALUES
(229140531, 'Viale', 'Europa', '18b', '70121'),
(281771861, 'Via', 'Sparano da Bari', '159', '70121'),
(329777992, 'Via', 'Angelantonio Maiorano', '22', '70128'),
(336625203, 'Via', 'Salvatore Quasimodo', '45', '70126'),
(336625207, 'Via', 'Salvatore Quasimodo', '11', '70126'),
(356060871, 'Piazza', 'Aldo Moro', '24', '70122'),
(356061053, 'Via', 'Sparano da Bari', '145', '70121'),
(381538839, 'Piazza', 'del Ferrarese', '13', '70122'),
(381538850, 'Piazza', 'del Ferrarese', '3', '70122'),
(399901122, 'Via', 'Melo da Bari', '241', '70121'),
(399901135, 'Via', 'Melo da Bari', '224A', '70121'),
(401356634, 'Via', 'Melo da Bari;Via Prospero Petroni', '209;22', '70121'),
(401356635, 'Via', 'Melo da Bari', '215', '70121'),
(401356637, 'Via', 'Prospero Petroni', '32', '70121'),
(401356638, 'Via', 'Prospero Petroni', '34', '70121'),
(401356639, 'Via', 'Prospero Petroni', '38', '70121'),
(401356641, 'Viale', 'Papa Pio Dodicesimo', '1C', '70124'),
(599971059, 'Corso', 'Cavour', '11', '70122'),
(617297633, 'Via', 'Natale Loiacono', '15', '70121'),
(622527702, 'Strada', 'Santa Caterina', '17b', '70124'),
(624106051, 'Viale', 'Luigi De Laurentis', '2', '70124'),
(648409835, 'Viale', 'del Concilio Vaticano II', '61', '70124'),
(652447467, 'Corso', 'Alcide De Gasperi', '308', '70121'),
(659539692, 'Via', 'Giuseppe Re David', '184/a', '70121'),
(844669913, 'Piazza', 'Aldo Moro', '15', '70122'),
(1073313802, 'Via', 'Fratelli De Filippo', '6', '70131'),
(1108920159, 'Via', 'Pietro Nenni', '7', '74125'),
(1168890786, 'Viale', 'Papa Pio Dodicesimo', '1A', '70124'),
(1168896091, 'Via', 'Giovanni Amendola', '165A', '70126'),
(1168913237, 'Via', 'Giovanni Amendola', '112/A', '70126'),
(1169030042, 'Via', 'Giovanni Modugno', '1a', '70124'),
(1184134476, 'Via', 'Giuseppe Fanelli', '213', '70121'),
(1184134477, 'Via', 'Giuseppe Fanelli', '211d', '70121'),
(1193988734, 'Viale', 'della Repubblica', '26', '70121'),
(1193988735, 'Viale', 'della Repubblica', '70', '70121'),
(1193988740, 'Corso', 'Benedetto Croce', '85', '70121'),
(1202920230, 'Via', 'Nicola de Giosa', '52', '70121'),
(1202920236, 'Via', 'Nicolò Putignani', '40A', '70121'),
(1202920248, 'Via', 'Niccolò Piccinni', '120', '70122'),
(1202920259, 'Viale', 'Japigia', '166/f', '70121'),
(1202920265, 'Via', 'Imperatore Traiano', '10/a', '70121'),
(1202920268, 'Corso', 'Sidney Sonnino', '120', '70121'),
(1202920269, 'Corso', 'Sidney Sonnino', '38', '70121'),
(1202920273, 'Corso', 'Sidney Sonnino', '27', '70121'),
(1202920287, 'Via', 'Magna Grecia', '71', '70121'),
(1203326012, 'Corso', 'Giuseppe Mazzini', '40', '70121'),
(1203326013, 'Via', 'Francesco Crispi', '99', '70121'),
(1203326014, 'Via', 'Brigata e Divisione Bari', '126', '70121'),
(1203326022, 'Via', 'Alessandro Manzoni', '183', '70121'),
(1204096173, 'Corso', 'Alcide De Gasperi', '246', '70121'),
(1204096179, 'Corso', 'Benedetto Croce', '170', '70121'),
(1204096183, 'Corso', 'Benedetto Croce', '203', '70121'),
(1204096186, 'Via', 'Giulio Petroni', '45a', '70121'),
(1204096195, 'Via', 'Giulio Petroni', '114/E', '70124'),
(1204096196, 'Via', 'Alberotanza', '23', '70121'),
(1204096198, 'Viale', 'John Fitzgerald Kennedy', '75', '70121'),
(1204390696, 'Via', 'Sparano da Bari', '151', '70121'),
(1204390715, 'Via', 'Melo da Bari', '5', '70122'),
(1212223667, 'Via', 'Quintino Sella', '135', '70121'),
(1217731127, 'Via', 'Quarnaro', '10', '70121'),
(1225113469, 'Piazza', 'Mercantile', '47', '70122'),
(1225113486, 'Via', 'Andrea da Bari', '9', '70122'),
(1226643733, 'Via', 'Giulio Petroni', '85/i', '70121'),
(1226643736, 'Via', 'Giulio Petroni', '69b', '70121'),
(1232349977, 'Via', 'Giuseppe Pavoncelli', '149', '70121'),
(1234613218, '', 'Lungomare Cristoforo Colombo', '172', '70127'),
(1241093917, 'Via', 'Grimoaldo degli Alfaraniti', '8', '70121'),
(1241907386, 'Via', 'Aristosseno', '3', '70126'),
(1244390603, 'Viale', 'Louis Pasteur', '12/14', '70124'),
(1248489886, 'Via', 'Quintino Sella', '95', '70122'),
(1249832171, '', 'Lungomare Giambattista e Pietro Starita', '5', '70123'),
(1251313898, 'Viale', 'Lazio', '5/c', '70132'),
(1336142989, '', 'Lungomare Giambattista e Pietro Starita', '15', '70132'),
(1339447931, 'Piazza', 'Federico Secondo di Svevia', '40', '70122'),
(1339447940, 'Piazza', 'Mercantile', '3', '70122'),
(1364967562, 'Viale', 'Japigia', '182', '70126'),
(1364984750, 'Strada', 'Stoppelli', '18', '70126'),
(1375229531, 'Corso', 'Vittorio Emanuele Secondo', '201', '70123'),
(1421106868, 'Strada', 'Annunziata', '2', '70122'),
(1425194941, 'Via', 'Salvatore Matarrese', '2', '70124'),
(1425194967, 'Via', 'Camillo Rosalba', '49c', '70124'),
(1433630611, 'Piazza', 'Federico Secondo di Svevia', '6/7', '70122'),
(1438739274, 'Corso', 'Vittorio Emanuele', '15', '70122'),
(1472139008, 'Via', 'Giovanni Amendola', '126B', '70126'),
(1481364077, 'Via', 'Sparano da Bari', '113a', '70121'),
(1481364104, 'Via', 'Sparano da Bari', '135', '70121'),
(1492612041, 'Via', 'Giuseppe Capruzzi', '13', '70126'),
(1559733350, 'Via', 'Antonio Lucarelli', '82', '70124'),
(1602423940, 'Viale', 'Gaeteano Salvemini', '14', '70125'),
(1631572569, 'Via', 'San Lorenzo', '5a', '70121'),
(1659302556, 'Via', 'Filippo Turati', '52', '70125'),
(1673204092, 'Via', 'Nicolò van Westerhout', '41', '70132'),
(1714507438, 'Via', 'Giuseppe Posca', '59', '70124'),
(1714565468, 'Via', 'Rodolfo Redi', '2', '70124'),
(1733839938, 'Via', 'Salvatore Quasimodo', '1', '70126'),
(1733842818, 'Via', 'Raffaele Perna', '10', '70126'),
(1733842821, 'Via', 'Salvatore Quasimodo', '41', '70126'),
(1733906667, 'Corso', 'Cavour', '102', '70121'),
(1733906669, 'Via', 'Sparano da Bari', '80', '70121'),
(1733906675, 'Corso', 'Cavour', '161', '70121'),
(1733906676, 'Corso', 'Cavour', '111', '70121'),
(1733906680, 'Corso', 'Vittorio Emanuele Secondo', '20D', '70122'),
(1733906693, 'Corso', 'Cavour', '95', '70121'),
(1733906695, 'Corso', 'Vittorio Emanuele Secondo', '44', '70122'),
(1733906699, 'Corso', 'Cavour', '133', '70121'),
(1784660231, 'Via', 'Saverio Lioce', '58', '70124'),
(1812747408, 'Via', 'Giuseppe Re David', '120', '70121'),
(1828378542, 'Via', 'Buccari', '120', '70121'),
(1859035230, '', 'Lungomare Cristoforo Colombo', '94', '70127'),
(1864287491, 'Viale', 'Grotta della Regina', '27', '70123'),
(1870996842, '', 'Lungomare Cristoforo Colombo', '28', '70127'),
(1961127045, 'Via', 'Roberto da Bari', '146', '70121'),
(1961127095, 'Via', 'Scipione Crisanzio', '34', '70122'),
(1962621992, 'Via', 'Andrea Angiulli', '40', '70121'),
(2090065409, 'Viale', 'Ottorino Respighi', '27', '70132'),
(2141194174, 'Via', 'Veneto', '2', '70121'),
(2144177246, 'Via', 'Gaetano Granieri', '6/i', '70121'),
(2170898677, 'Via', 'Giuseppe Re David', '158', '70125'),
(2251645230, 'Via', 'Scipione Crisanzio', '12', '70122'),
(2304263991, 'Via', 'Giuseppe Capruzzi', '74', '70126'),
(2317711762, 'Via', 'Tommaso Fiore', '25', '70121'),
(2335104809, 'Via', 'Nicolò Putignani', '65', '70121'),
(2377090420, 'Via', 'Sparano da Bari', '149', '70121'),
(2451353238, 'Via', 'Foggia', '15', '70124'),
(2496253250, 'Via', 'Fornari', '18', '70122'),
(2612504500, 'Viale', 'Giuseppe Degennaro', '1', '70132'),
(2618310673, 'Via', 'Giuseppe Fanelli', '203e', '70121'),
(2645764517, 'Via', 'Giuseppe Fanelli', '207', '70123'),
(2660984257, 'Via', 'Giuseppe Re David', '177', '70121'),
(2660984262, 'Via', 'Giuseppe Re David', '177/14', '70121'),
(2671680805, 'Via', 'Giuseppe Re David', '193 C/D/E', '70121'),
(2682305781, 'Piazza', 'Aldo Moro', '53', '70122'),
(2704139086, 'Via', 'Alberto Sordi', '29', '70121'),
(2704153795, 'Piazza', 'Quattro Novembre', '2', '70122'),
(2705264977, 'Corso', 'Cavour', '4', '70121'),
(2705264978, 'Via', 'Salvatore Cognetti', '18', '70121'),
(2705264991, 'Via', 'Alberto Sordi', '13', '70121'),
(2705282024, 'Largo', 'Angelo Fraccacreta', '2', '70122'),
(2718609292, 'Via', 'Niccolò Piccinni', '161', '70121'),
(2718612403, 'Via', 'Niccolò Piccinni', '202A', '70122'),
(2723575652, 'Via', 'Domenico Nicolai', '11', '70121'),
(2723575659, 'Via', 'Andrea da Bari', '79', '70121'),
(2803811390, 'Via', 'Sasha Muciaccia', '15', '70132'),
(2876046299, 'Via', 'Alessandro Maria Calefati', '20', '70121'),
(2882564521, 'Via', 'Scipione Crisanzio', '60', '70122'),
(2882564907, 'Via', 'Piccinni', '151', '70100'),
(2986033711, 'Via', 'Pasquale Villari', '50', '70122'),
(3105713059, 'Corso', 'Cavour', '1', '70122'),
(3105981700, 'Via', 'Scipione Crisanzio', '40', '70122'),
(3105981702, 'Via', 'Scipione Crisanzio', '38', '70122'),
(3105981703, 'Via', 'Scipione Crisanzio', '2', '70122'),
(3106006542, 'Via', 'Francesco Muciaccia', '8', '70125'),
(3116372548, 'Via', 'Giulio Petroni', '19/a', '70124'),
(3139745518, 'Via', 'Pasquale Villari', '64', '70122'),
(3165810513, 'Viale', 'Europa', '7', '70121'),
(3309959740, 'Via', 'Brigata Regina', '12', '70123'),
(3311847778, 'Via', 'Gaetano Postiglione', '10', '70126'),
(3353462638, 'Via', 'Giovanni Gentile', '54b', '70126'),
(3363518344, 'Via', 'Giovanni Amendola', '118', '70126'),
(3389758371, 'Via', 'Gregorio Ancona', '3', '70121'),
(3389758379, 'Via', 'Gregorio Ancona', '5', '70121'),
(3389758384, 'Via', 'Gregorio Ancona', '7', '70121'),
(3396163608, 'Via', 'Giuseppe Forges Davanzati', '47', '70121'),
(3417793394, 'Via', 'Celso Ulpiani', '19', '70126'),
(3475116741, 'Via', 'Giuseppe Pavoncelli', '94', '70125'),
(3475122528, 'Viale', 'della Repubblica', '73', '70125'),
(3475140096, 'Via', 'Giuseppe di Vittorio', '27', '70121'),
(3475140099, 'Viale', 'Giuseppe di Vittorio', '61', '70125'),
(3480975660, 'Corso', 'Sidney Sonnino', '31/33', '70121'),
(3481000629, 'Viale', 'della Repubblica', '106', '70125'),
(3510046566, 'Corso', 'Vittorio Veneto', '1', '70123'),
(3769219075, 'Corso', 'Vittorio Emanuele', '84', '70122'),
(3769220720, 'Corso', 'Vittorio Emanuele Secondo', '80', '70122'),
(3803577358, 'Via', 'Scipione Crisanzio', '12', '70122'),
(3837103975, 'Corso', 'Sidney Sonnino', '140e', '70121'),
(3841213973, 'Via', 'Scipione Crisanzio', '36', '70122'),
(3873518330, 'Viale', 'Unità d\'Italia', '33', '70125'),
(3899019165, 'Piazza', 'Aldo Moro', '13', '70122'),
(3940713857, 'Via', 'Giovanni Amendola', '172c', '70121'),
(3940713858, 'Via', 'Giovanni Amendola', '172b', '70121'),
(4058649089, 'Viale', 'Papa Pio XII', '60', '70124'),
(4133414302, 'Corso', 'Vittorio Emanuele Secondo', '100', '70122'),
(4136228729, 'Corso', 'Vittorio Emanuele', '149', '70122'),
(4155041822, 'Via', 'Giovanni Amendola', '164d', '70121'),
(4156597471, 'Via', 'Vittorio Veneto in Palese', '35', '70128'),
(4173100266, 'Viale', 'Domenico Cotugno', '41', '70124'),
(4173100268, 'Piazza', 'Mercantile', '34', '70122'),
(4184650077, 'Viale', 'Antonio Salandra', '53', '70124'),
(4184660100, 'Via', 'Paolo Lembo', '22A', '70124'),
(4184690058, 'Via', 'Salvatore Cognetti', '25', '70121'),
(4184719772, 'Via', 'Venezia', '14', '70121'),
(4184719856, 'Via', 'Venezia', '15', '70121'),
(4186840906, 'Via', 'Salvatore Cognetti', '19', '70121'),
(4268635135, 'Largo', 'Domenico Renna', '10C', '70128'),
(4355928152, '', 'Corte S.Agostino', '2-4', '70121'),
(4355928431, 'Strada', 'Palazzo di Città', '38', '70122'),
(4355936774, 'Via', 'Nicolò Putignani', '213', '70122'),
(4355937751, 'Via', 'Niccolò Piccinni', '28', '70122'),
(4355938742, 'Piazza', 'Mercantile', '29', '70121'),
(4407114789, 'Via', 'Melo da Bari', '119', '70121'),
(4419024963, 'Piazza', 'dell\'Odegitria', '2', '70122'),
(4420183774, 'Strada', 'San Girolamo', '31', '70132'),
(4420192502, 'Via', 'Nicolò van Westerhout', '26', '70132'),
(4420521054, 'Via', 'Nicolò van Westerhout', '24', '70132'),
(4421728376, 'Via', 'Napoli', '364', '70132'),
(4421730200, 'Via', 'Giacomo GIacobelli', '31', '70129'),
(4422424857, '', 'vico VIII Macchie', '30', '70128'),
(4429331389, 'Via', 'Antonio Salandra', '23/b', '70121'),
(4440663710, '', 'Prolungamento via Salvatore Matarrese', '260 e A /260', '70124'),
(4440663711, '', 'Prolungamento via Salvatore Matarrese', '266', '70124'),
(4440663712, 'Strada', 'Re Manfredi', '22', '70122'),
(4440663714, 'Via', 'Niccolò Piccinni', '32', '70122'),
(4440663717, 'Strada', 'Re Manfredi', '11', '70122'),
(4440663718, 'Via', 'San Francesco d\'Assisi', '45', '70122'),
(4440948904, 'Piazza', 'Federico Secondo di Svevia', '18', '70122'),
(4440948907, 'Via', 'Francesco Campione', '45', '70124'),
(4456255952, 'Via', 'Giacomo GIacobelli', '25/27', '70129'),
(4456255955, 'Via', 'Umberto Minervini', '27', '70129'),
(4456255956, 'Via', 'Umberto Minervini', '17', '70129'),
(4456255957, 'Via', 'Umberto Minervini', '13', '70129'),
(4602851163, 'Corso', 'Italia', '19D', '70123'),
(4663335418, '', 'Lungomare Nazario Sauro', '29', '70121'),
(4724675291, 'Via', 'Guglielmo Appulo', '2/b', '70126'),
(4726319957, 'Via', 'Giuseppe Volpe', '6', '70121'),
(4841907557, 'Via', 'Niccolò Piccinni', '12', '70122'),
(4841907562, 'Via', 'Niccolò Piccinni', '14', '70122'),
(4856118738, 'Largo', 'Ignazio Ciaia', '13', '70125'),
(4887299644, 'Largo', 'Adua', '27', '70121'),
(4887299645, 'Corso', 'Cavour', '243', '70121'),
(4897862822, 'Corso', 'Vittorio Emanuele II', '13', '70122'),
(4897900322, 'Via', 'Niccolò Piccinni', '187', '70122'),
(4963527123, 'Via', 'Venezia', '16', '70121'),
(4963527124, 'Via', 'Sparano da Bari', '2', '70122'),
(4998901322, 'Piazza', 'Aldo Moro', '49', '70122'),
(5014526426, 'Via', 'Vito Fornari', '5', '70122'),
(5014546680, 'Via', 'de Rossi', '219', '70122'),
(5014577580, 'Via', 'de Rossi', '189', '70122'),
(5016571686, 'Via', 'Domenico Nicolai', '81A', '70122'),
(5016571688, 'Via', 'de Rossi', '211A', '70122'),
(5016571689, 'Via', 'Dante Alighieri', '238', '70122'),
(5016571690, 'Via', 'de Rossi', '213', '70122'),
(5016571691, 'Via', 'Beata Elia di San Clemente', '230', '70122'),
(5016571701, 'Via', 'Scipione Crisanzio', '15', '70121'),
(5047454327, 'Via', 'Raffaele de Cesare', '8A', '70122'),
(5064720769, 'Via', 'Antonio Lucarelli', '62', '70124'),
(5207363158, 'Via', 'Cardinale Ciasca', '7', '70121'),
(5211288721, 'Via', 'Venezia', '73', '70120'),
(5226718022, 'Via', 'Sparano da Bari', '6A', '70122'),
(5259998838, 'Via', 'Principe Amedeo', '192', '70122'),
(5259998840, 'Via', 'Melo da Bari', '97', '70121'),
(5259998841, 'Via', 'Antonino Scopelliti', '8', '70123'),
(5259998843, 'Corso', 'Cavour', '77', '70121'),
(5273159506, 'Via', 'Giustino Fortunato', '8n', '70125'),
(5279703922, 'Corso', 'Vittorio Emanuele Secondo', '185', '70122'),
(5299654476, 'Via', 'Luigi Einaudi', '31a', '70125'),
(5299662959, 'Via', 'Stefano Jacini', '28', '70125'),
(5316927222, 'Via', 'Giulio Petroni', '12', '70124'),
(5368440426, 'Via', 'Gaetano Postiglione', '17', '70126'),
(5376130270, 'Via', 'Alessandro Manzoni', '156', '70122'),
(5383245703, 'Via', 'Leonardo Del Turco', '2A', '70128'),
(5383363016, 'Via', 'Abate Giacinto Gimma', '143', '70122'),
(5383383308, 'Via', 'Sparano da Bari', '24', '70122'),
(5405349601, 'Piazza', 'Umberto Primo', '1', '70121'),
(5407706501, '', 'Piazzetta dei Frati Cappuccini', '1', '70122'),
(5412214847, 'Via', 'Caduti di Via Fani', '33', '70121'),
(5422083491, 'Via', 'Luigi Galvani', '6/r', '70124'),
(5429748285, 'Via', 'Niccolò Piccinni', '87', '70121'),
(5446010252, 'Corso', 'Italia', '112', '70123'),
(5536608992, 'Viale', 'della Repubblica', '128', '70125'),
(5579244621, 'Via', 'Domenico Nicolai', '77A', '70122'),
(5647180424, 'Via', 'Giovan Battista Trevisani', '14', '70123'),
(5647265621, 'Via', 'Francesco Crispi', '11', '70123'),
(5647318422, 'Via', 'Gioacchino Murat', '51H', '70123'),
(5647339623, 'Via', 'Giosuè Carducci', '21', '70122'),
(5647339722, 'Corso', 'Vittorio Emanuele II', '7', '70122'),
(5647351223, 'Via', 'Giosuè Carducci', '27', '70122'),
(5647351925, 'Corso', 'Vittorio Emanuele', '43', '70122'),
(5647356821, 'Corso', 'Vittorio Emanuele II', '31', '70122'),
(5647433821, 'Via', 'Abate Giacinto Gimma', '259', '70122'),
(5647436321, 'Via', 'Abate Giacinto Gimma', '261', '70122'),
(5647436322, 'Via', 'Abate Giacinto Gimma', '164', '70121'),
(5647438821, 'Via', 'Abate Giacinto Gimma', '226', '70122'),
(5647440021, 'Via', 'Sagarriga Visconti', '25', '70122'),
(5666386915, 'Corso', 'Cavour', '249', '70121'),
(5666386918, 'Corso', 'Cavour', '241', '70121'),
(5666386920, 'Corso', 'Cavour', '239', '70121'),
(5666387421, 'Corso', 'Cavour', '235', '70121'),
(5666387423, 'Corso', 'Cavour', '231', '70121'),
(5666387424, 'Corso', 'Cavour', '229', '70121'),
(5666387425, 'Corso', 'Cavour', '227', '70121'),
(5666387426, 'Corso', 'Cavour', '225', '70121'),
(5666387427, 'Corso', 'Cavour', '223', '70121'),
(5666387428, 'Corso', 'Cavour', '221', '70121'),
(5666387429, 'Corso', 'Cavour', '219', '70121'),
(5666387430, 'Corso', 'Cavour', '217', '70121'),
(5666387431, 'Corso', 'Cavour', '215', '70121'),
(5666387432, 'Corso', 'Cavour', '213', '70121'),
(5666387434, 'Corso', 'Cavour', '209', '70121'),
(5666387435, 'Corso', 'Cavour', '201', '70121'),
(5666387438, 'Corso', 'Cavour', '195', '70121'),
(5666387439, 'Corso', 'Cavour', '197', '70121'),
(5666387440, 'Corso', 'Cavour', '203', '70121'),
(5666387441, 'Corso', 'Cavour', '199', '70121'),
(5666387442, 'Corso', 'Cavour', '185', '70121'),
(5666387443, 'Corso', 'Cavour', '181', '70121'),
(5666387444, 'Corso', 'Cavour', '193', '70121'),
(5666387445, 'Corso', 'Cavour', '191', '70121'),
(5666387446, 'Corso', 'Cavour', '189', '70121'),
(5666387447, 'Corso', 'Cavour', '187', '70121'),
(5666387448, 'Corso', 'Cavour', '183', '70121'),
(5666387449, 'Corso', 'Cavour', '179', '70121'),
(5666387450, 'Corso', 'Cavour', '177', '70121'),
(5666387451, 'Corso', 'Cavour', '175', '70121'),
(5666387452, 'Corso', 'Cavour', '173', '70121'),
(5666387453, 'Corso', 'Cavour', '171', '70121'),
(5666387454, 'Corso', 'Cavour', '169', '70121'),
(5666387455, 'Corso', 'Cavour', '167', '70121'),
(5666387457, 'Corso', 'Cavour', '163', '70121'),
(5666387458, 'Corso', 'Cavour', '159', '70121'),
(5666387459, 'Corso', 'Cavour', '157', '70121'),
(5666387460, 'Corso', 'Cavour', '155', '70121'),
(5666387461, 'Corso', 'Cavour', '149', '70121'),
(5666387462, 'Corso', 'Cavour', '153', '70121'),
(5666387464, 'Corso', 'Cavour', '147', '70121'),
(5666387465, 'Corso', 'Cavour', '125', '70121'),
(5666387466, 'Corso', 'Cavour', '145', '70121'),
(5666387467, 'Corso', 'Cavour', '143', '70121'),
(5666387468, 'Corso', 'Cavour', '141', '70121'),
(5666387469, 'Corso', 'Cavour', '139', '70121'),
(5666387470, 'Corso', 'Cavour', '137', '70121'),
(5666387471, 'Corso', 'Cavour', '135', '70121'),
(5666387472, 'Corso', 'Cavour', '131', '70121'),
(5666387473, 'Corso', 'Cavour', '129', '70121'),
(5666387474, 'Corso', 'Cavour', '127', '70121'),
(5666387475, 'Corso', 'Cavour', '123', '70121'),
(5666387476, 'Corso', 'Cavour', '121', '70121'),
(5666387477, 'Corso', 'Cavour', '119', '70121'),
(5666387478, 'Corso', 'Cavour', '117', '70121'),
(5666387479, 'Corso', 'Cavour', '115B', '70121'),
(5666387480, 'Corso', 'Cavour', '113', '70121'),
(5666387481, 'Corso', 'Cavour', '109', '70121'),
(5666387482, 'Corso', 'Cavour', '107', '70121'),
(5666387483, 'Corso', 'Cavour', '105', '70121'),
(5666387484, 'Corso', 'Cavour', '103', '70121'),
(5666387485, 'Corso', 'Cavour', '101', '70121'),
(5666387486, 'Corso', 'Cavour', '99', '70121'),
(5666387487, 'Corso', 'Cavour', '97', '70121'),
(5666387488, 'Corso', 'Cavour', '93', '70121'),
(5666387489, 'Corso', 'Cavour', '91', '70121'),
(5666387490, 'Corso', 'Cavour', '89', '70121'),
(5666387491, 'Corso', 'Cavour', '87', '70121'),
(5666387492, 'Corso', 'Cavour', '85', '70121'),
(5666387493, 'Corso', 'Cavour', '83', '70121'),
(5666387494, 'Corso', 'Cavour', '81', '70121'),
(5666387495, 'Corso', 'Cavour', '79', '70121'),
(5666387496, 'Corso', 'Cavour', '75', '70121'),
(5666387497, 'Corso', 'Cavour', '73', '70121'),
(5666387498, 'Corso', 'Cavour', '71', '70121'),
(5666387499, 'Corso', 'Cavour', '69', '70121'),
(5666387500, 'Corso', 'Cavour', '67', '70121'),
(5666387501, 'Corso', 'Cavour', '65', '70121'),
(5666387502, 'Corso', 'Cavour', '63', '70121'),
(5666387503, 'Corso', 'Cavour', '61', '70121'),
(5666387504, 'Corso', 'Cavour', '59', '70121'),
(5666387505, 'Corso', 'Cavour', '57', '70121'),
(5666387508, 'Corso', 'Cavour', '51', '70121'),
(5666387509, 'Corso', 'Cavour', '49', '70121'),
(5666387510, 'Corso', 'Cavour', '47', '70121'),
(5666387511, 'Corso', 'Cavour', '45', '70121'),
(5666387512, 'Corso', 'Cavour', '43', '70121'),
(5666387513, 'Corso', 'Cavour', '41', '70122'),
(5666387514, 'Corso', 'Cavour', '39', '70122'),
(5666387515, 'Corso', 'Cavour', '37', '70122'),
(5666387516, 'Corso', 'Cavour', '35', '70122'),
(5666387517, 'Corso', 'Cavour', '33', '70122'),
(5666387518, 'Corso', 'Cavour', '31', '70122'),
(5666387519, 'Corso', 'Cavour', '29', '70122'),
(5666387721, 'Corso', 'Cavour', '27', '70122'),
(5666387723, 'Corso', 'Cavour', '21', '70122'),
(5666387724, 'Corso', 'Cavour', '19', '70122'),
(5666387725, 'Corso', 'Cavour', '17', '70122'),
(5666387726, 'Corso', 'Cavour', '15', '70122'),
(5666387727, 'Corso', 'Cavour', '13', '70122'),
(5666387728, 'Corso', 'Cavour', '9', '70122'),
(5666387729, 'Corso', 'Cavour', '7', '70122'),
(5666387730, 'Corso', 'Cavour', '5', '70122'),
(5666387731, 'Corso', 'Cavour', '3', '70122'),
(5666387732, 'Corso', 'Cavour', '2', '70121'),
(5666387734, 'Corso', 'Cavour', '6', '70121'),
(5666387735, 'Corso', 'Cavour', '8', '70121'),
(5666387736, 'Corso', 'Cavour', '10', '70121'),
(5666387737, 'Corso', 'Cavour', '12', '70121'),
(5666387738, 'Corso', 'Cavour', '14', '70121'),
(5666387739, 'Corso', 'Cavour', '16', '70121'),
(5666387740, 'Corso', 'Cavour', '18', '70121'),
(5666387741, 'Corso', 'Cavour', '20', '70121'),
(5666387742, 'Corso', 'Cavour', '22', '70121'),
(5666387743, 'Corso', 'Cavour', '24', '70121'),
(5666387744, 'Corso', 'Cavour', '26', '70121'),
(5666387745, 'Corso', 'Cavour', '28', '70121'),
(5666387746, 'Corso', 'Cavour', '30', '70121'),
(5666387747, 'Corso', 'Cavour', '32', '70121'),
(5666387749, 'Corso', 'Cavour', '34', '70121'),
(5666387750, 'Corso', 'Cavour', '36', '70121'),
(5666387751, 'Corso', 'Cavour', '38', '70121'),
(5666387752, 'Corso', 'Cavour', '40', '70121'),
(5666387753, 'Corso', 'Cavour', '42', '70121'),
(5666387754, 'Corso', 'Cavour', '44', '70121'),
(5666387755, 'Corso', 'Cavour', '46', '70121'),
(5666387756, 'Corso', 'Cavour', '48', '70121'),
(5666387757, 'Corso', 'Cavour', '50', '70121'),
(5666387758, 'Corso', 'Cavour', '52', '70121'),
(5666387759, 'Corso', 'Cavour', '54', '70121'),
(5666387761, 'Corso', 'Cavour', '58', '70121'),
(5666387762, 'Corso', 'Cavour', '60', '70121'),
(5666387763, 'Corso', 'Cavour', '62', '70121'),
(5666387764, 'Corso', 'Cavour', '64', '70121'),
(5666387765, 'Corso', 'Cavour', '66', '70121'),
(5666387766, 'Corso', 'Cavour', '68', '70121'),
(5666387767, 'Corso', 'Cavour', '70', '70121'),
(5666387768, 'Corso', 'Cavour', '72', '70121'),
(5666387770, 'Corso', 'Cavour', '74', '70121'),
(5666387771, 'Corso', 'Cavour', '78', '70121'),
(5666387772, 'Corso', 'Cavour', '80', '70121'),
(5666387773, 'Corso', 'Cavour', '82', '70121'),
(5666387774, 'Corso', 'Cavour', '84', '70121'),
(5666387775, 'Corso', 'Cavour', '86', '70121'),
(5666387776, 'Corso', 'Cavour', '88', '70121'),
(5666387777, 'Corso', 'Cavour', '90', '70121'),
(5666387778, 'Corso', 'Cavour', '92', '70121'),
(5666387779, 'Corso', 'Cavour', '94', '70121'),
(5666387780, 'Corso', 'Cavour', '96', '70121'),
(5666387781, 'Corso', 'Cavour', '98', '70121'),
(5666387782, 'Corso', 'Cavour', '100', '70121'),
(5666387783, 'Corso', 'Cavour', '102A', '70121'),
(5666387784, 'Corso', 'Cavour', '104', '70121'),
(5666387785, 'Corso', 'Cavour', '106', '70121'),
(5666387786, 'Corso', 'Cavour', '108', '70121'),
(5666387787, 'Corso', 'Cavour', '110', '70121'),
(5666387788, 'Corso', 'Cavour', '112', '70121'),
(5666387789, 'Corso', 'Cavour', '114', '70121'),
(5666387790, 'Corso', 'Cavour', '116', '70121'),
(5666387791, 'Corso', 'Cavour', '118', '70121'),
(5666387792, 'Corso', 'Cavour', '120', '70121'),
(5666387793, 'Corso', 'Cavour', '122', '70121'),
(5666387794, 'Corso', 'Cavour', '124', '70121'),
(5666387796, 'Corso', 'Cavour', '128', '70121'),
(5666387797, 'Corso', 'Cavour', '130', '70121'),
(5666387799, 'Corso', 'Cavour', '132', '70121'),
(5666387800, 'Corso', 'Cavour', '134', '70121'),
(5666387801, 'Corso', 'Cavour', '136', '70121'),
(5666387802, 'Corso', 'Cavour', '138', '70121'),
(5666387803, 'Corso', 'Cavour', '140', '70121'),
(5666387804, 'Corso', 'Cavour', '142', '70121'),
(5666387807, 'Corso', 'Cavour', '148', '70121'),
(5666387808, 'Corso', 'Cavour', '150', '70121'),
(5666387809, 'Corso', 'Cavour', '152', '70121'),
(5666387810, 'Corso', 'Cavour', '154', '70121'),
(5666387811, 'Corso', 'Cavour', '156', '70121'),
(5666387812, 'Corso', 'Cavour', '158', '70121'),
(5666387813, 'Corso', 'Cavour', '160', '70121'),
(5666387814, 'Corso', 'Cavour', '162', '70121'),
(5666387815, 'Corso', 'Cavour', '164', '70121'),
(5666387816, 'Corso', 'Cavour', '166', '70121'),
(5666387817, 'Corso', 'Cavour', '168', '70121'),
(5666387818, 'Corso', 'Cavour', '170', '70121'),
(5666387819, 'Corso', 'Cavour', '172', '70121'),
(5666387820, 'Corso', 'Cavour', '174', '70121'),
(5666388121, 'Corso', 'Cavour', '176', '70121'),
(5666388122, 'Corso', 'Cavour', '178', '70121'),
(5666388123, 'Corso', 'Cavour', '180', '70121'),
(5666388124, 'Corso', 'Cavour', '182', '70121'),
(5666388125, 'Corso', 'Cavour', '184', '70121'),
(5666388126, 'Corso', 'Cavour', '186A', '70121'),
(5666388127, 'Corso', 'Cavour', '188', '70121'),
(5666388128, 'Corso', 'Cavour', '190', '70121'),
(5666388129, 'Corso', 'Cavour', '192', '70121'),
(5666388130, 'Corso', 'Cavour', '194', '70121'),
(5666388131, 'Corso', 'Cavour', '196', '70121'),
(5666388132, 'Corso', 'Cavour', '198', '70121'),
(5666388133, 'Corso', 'Cavour', '200', '70121'),
(5666388135, 'Corso', 'Cavour', '204', '70121'),
(5666388136, 'Corso', 'Cavour', '206', '70121'),
(5666388137, 'Corso', 'Cavour', '208', '70121'),
(5666388138, 'Corso', 'Cavour', '210', '70121'),
(5666545060, 'Via', 'Salvatore Cognetti', '25', '70121'),
(5666545061, 'Via', 'Salvatore Cognetti', '25', '70121'),
(5666545062, 'Via', 'Salvatore Cognetti', '25', '70121'),
(5666609945, 'Corso', 'Cavour', '237', '70121'),
(5666609946, 'Corso', 'Cavour', '233', '70121'),
(5666609953, 'Corso', 'Cavour', '211', '70121'),
(5666609954, 'Corso', 'Cavour', '207', '70121'),
(5666609955, 'Corso', 'Cavour', '205', '70121'),
(5666609956, 'Via', 'Gian Giuseppe Carulli', '1', '70121'),
(5666609958, 'Corso', 'Cavour', '140A', '70121'),
(5666609959, 'Corso', 'Cavour', '144', '70121'),
(5666609960, 'Corso', 'Cavour', '146', '70121'),
(5666609967, 'Corso', 'Cavour', '186', '70121'),
(5666609971, 'Corso', 'Cavour', '202', '70121'),
(5711371903, 'Corso', 'Cavour', '178A', '70121'),
(5711371904, 'Corso', 'Cavour', '152A', '70121'),
(5720929225, 'Largo', 'Adua', '18/19', '70121'),
(5743299599, 'Via', 'Marchese di Montrone', '58A', '70122'),
(5743299600, 'Via', 'Marchese di Montrone', '60', '70122'),
(5743299601, 'Via', 'Marchese di Montrone', '58', '70122'),
(5743299602, 'Via', 'Marchese di Montrone', '56', '70122'),
(5743299603, 'Via', 'Marchese di Montrone', '54A', '70122'),
(5743299604, 'Via', 'Marchese di Montrone', '54', '70122'),
(5743299605, 'Via', 'Marchese di Montrone', '52', '70122'),
(5743299606, 'Via', 'Marchese di Montrone', '48', '70122'),
(5743299607, 'Via', 'Marchese di Montrone', '46', '70122'),
(5743299608, 'Via', 'Marchese di Montrone', '44', '70122'),
(5743299609, 'Via', 'Marchese di Montrone', '42', '70122'),
(5743299610, 'Via', 'Marchese di Montrone', '50', '70122'),
(5755701773, 'Piazza', 'Mercantile', '31', '70121'),
(5760282999, 'Via', 'San Francesco d\'Assisi', '9/11', '70122'),
(5760287045, 'Corso', 'Vittorio Emanuele Secondo', '135', '70122'),
(5760292933, 'Corso', 'Vittorio Emanuele Secondo', '122', '70122'),
(5763800144, 'Via', 'Murari', '5', '70132'),
(5800578019, 'Via', 'Giuseppe Re David', '14', '70125'),
(5818397007, 'Via', 'Gaetano Devitofrancesco', '47', '70124'),
(5824819461, 'Viale', 'del Concilio Vaticano II', '87', '70124'),
(5827265985, 'Piazza', 'dell\'Odegitria', '23', '70122'),
(5853098642, 'Via', 'Niccolò Pizzoli', '49', '70100'),
(5853102841, 'Via', 'Giovanni Amendola', '174', '70100'),
(5853119712, 'Via', 'Abate Giacinto Gimma', '148', '70122'),
(5853143046, 'Via', 'San Gaspare del Bufalo', '1', '70129'),
(5885245015, 'Via', 'Alessandro Manzoni', '93', '70122'),
(5922803176, 'Via', 'Eritrea', '29B', '70121'),
(6031931487, 'Via', 'Prospero Petroni', '12a', '70121'),
(6042701358, 'Via', 'Vicenza', '8', '70132'),
(6043385322, 'Via', 'Vito De Fano', '1', '70132'),
(6044688794, 'Via', 'Niccolò Piccinni', '148', '70122'),
(6060019682, 'Via', 'Giulio Petroni', '63/d', '70124'),
(6137076386, 'Strada', 'Bianchi Dottula', '7', '70121'),
(6152672340, 'Via', 'Giuseppe Bozzi', '59', '70121'),
(6154064714, 'Via', 'Salvatore Cognetti', '59', '70121'),
(6192141012, 'Corso', 'Benedetto Croce', '57', '70121'),
(6259198585, 'Piazza', 'Mercantile', '15', '70122'),
(6282741933, 'Via', 'Giuseppe Pisanelli', '25-27', '70125'),
(6294397694, 'Corso', 'Italia', '64/66/68', '70123'),
(6389026282, '', 'Lungomare Starita', '4', '70132'),
(6389488279, 'Piazza', 'Umberto Primo', '41', '70121'),
(6409202200, 'Corso', 'Sidney Sonnino', '147D', '70121'),
(6449800074, 'Strada', 'Palazzo di Città', '29', '70122'),
(6449800075, 'Strada', 'Palazzo di Città', '61', '70122'),
(6449800077, 'Strada', 'Palazzo di Città', '17', '70122'),
(6449884561, 'Strada', 'Palazzo di Città', '52', '70122'),
(6449884565, 'Strada', 'Palazzo di Città', '42', '70122'),
(6459303093, 'Piazza', 'Umberto I', '14', '70131'),
(6466108698, 'Strada', 'dei Gesuiti', '8', '70122'),
(6466112862, 'Piazza', 'Giuseppe Massari', '6', '70122'),
(6470574664, 'Strada', 'Palazzo di Città', '54', '70122'),
(6499255596, 'Via', 'Natale Pisicchio', '18', '70127'),
(6499283756, 'Via', 'Natale Pisicchio', '18', '70127'),
(6499283757, 'Via', 'della Lealtà', '42/1', '70127'),
(6505538585, 'Via', 'Alessandro Manzoni', '47', '70122'),
(6509061686, 'Via', 'Sparano da Bari', '43', '70121'),
(6532370488, 'Via', 'Sparano da Bari', '62', '70121'),
(6589601512, 'Corso', 'Italia', '19', '70123'),
(6592965613, 'Via', 'Melo da Bari', '233', '70121'),
(6611869785, 'Via', 'Niccolò Pizzoli', '10', '70123'),
(6619242920, 'Via', 'Roberto da Bari', '150', '70121'),
(6656188393, 'Piazza', 'dell\'Odegitria', '24', '70122'),
(6673585240, 'Piazza', 'Umberto Primo', '5', '70121'),
(6742196810, 'Via', 'Giovanni Amendola', '164a', '70126'),
(6743679587, 'Via', 'Benedetto Petrone', '10', '70122'),
(6757545928, 'Via', 'Cardassi', '42', '70121'),
(6767208985, 'Via', 'Giuseppe Bozzi', '53', '70121'),
(6848838428, 'Via', 'Giuseppe Verdi', '52b', '70123'),
(6877522881, 'Via', 'Giovanni Amendola', '133', '70126'),
(6887237888, '', 'Lungomare Cristoforo Colombo', '92', '70127'),
(6887238185, '', 'Lungomare Cristoforo Colombo', '90', '70127'),
(6899632672, 'Piazza', 'Europa', '31', '70132'),
(6899713869, 'Piazza', 'Europa', '37', '70132'),
(6938181364, 'Via', 'Salvatore Cognetti', '11', '70121'),
(6955016677, 'Piazza', 'della Torre', '36', '70126'),
(6967388074, 'Corso', 'Italia', '19F', '70123'),
(6967390292, 'Corso', 'Italia', '19A', '70123'),
(7066629631, 'Via', 'Francesco Babudri', '45', '74123'),
(7140825192, 'Via', 'Archita da Taranto', 'S/1', '74126'),
(7150802920, 'Via', 'Alberto Sordi', '27', '70121'),
(7185028433, 'Via', 'Roberto da Bari', '6', '70122'),
(7207900004, 'Via', 'Abate Giacinto Gimma', '172', '70121'),
(7208267289, 'Via', 'Giuseppe Pisanelli', '29', '70125'),
(7299865516, 'Corso', 'Cavour', '195A', '70121'),
(7392780333, 'Viale', 'Unità d\'Italia', '75', '70121'),
(7446624284, 'Via', 'Emanuele Mola', '2', '70121'),
(7447416140, 'Strada', 'vicinale Torre di Mizzo', '8', '70121'),
(7447426249, 'Strada', 'vicinale Torre di Mizzo', '2', '70121'),
(7497952168, 'Strada', 'San Girolamo', '38', '70132'),
(7497952169, 'Strada', 'San Girolamo', '38', '70132'),
(7497952170, 'Strada', 'San Girolamo', '38', '70132'),
(7497969711, 'Via', 'Nicola Costa', '2', '70132'),
(7498034474, 'Via', 'Giacomo Puccini', '6', '70132'),
(7565875594, 'Via', 'Anita Garibaldi', '3', '70123'),
(7565875599, 'Via', 'Napoli', '260', '70123'),
(7820263785, 'Piazza', 'Aldo Moro', '55', '70122'),
(7820263786, 'Via', 'Sparano da Bari', '158', '70121'),
(7820263787, 'Via', 'Sparano da Bari', '94', '70121'),
(7820263886, 'Via', 'Sparano da Bari', '156', '70121'),
(7820264085, 'Via', 'Sparano da Bari', '136', '70121'),
(7820264086, 'Via', 'Sparano da Bari', '66', '70121'),
(7820264087, 'Via', 'Boemondo', '14', '70122'),
(7883716098, 'Via', 'Giovanni Amendola', '136', '70126'),
(7911271257, 'Corso', 'Umberto I', '57', '70127'),
(7924938696, 'Via', 'Giulio Petroni', '37/c', '70124'),
(8024859023, 'Via', 'Cardassi', '77', '70121'),
(8383725795, 'Via', 'Luigi Pinto', '3', '70125'),
(8425169151, 'Via', 'Timavo', '17', '70121'),
(8978951641, 'Via', 'Caladonia', '48', '70128'),
(9001044921, 'Via', 'Gioacchino Toma', '81', '70121'),
(9002456818, '', 'Traversa Via Martiri delle Foibe', '4', '70124'),
(9002456819, '', 'Traversa Via Martiri delle Foibe', '3', '70124'),
(9002456917, '', 'Traversa Via Martiri delle Foibe', '1', '70124'),
(9049989342, 'Strada', 'detta della Marina', '96', '70126'),
(9085522201, 'Via', 'Dalmazia', '127b', '70121'),
(9085522202, 'Via', 'Arcivescovo Vaccaro', '13a', '70121'),
(9092826821, 'Via', 'Vito Nicola di Nicolò', '40-46', '70121'),
(9113056136, '', 'Lungomare Cristoforo Colombo', '10', '70127'),
(9242820617, 'Via', 'Venezia', '40', '70122'),
(9246682428, 'Via', 'Giovanni Amendola', '170/5', '70126'),
(9247845178, 'Via', 'Giovanni Amendola', '170/3', '70126'),
(9247845179, 'Via', 'Giovanni Amendola', '170/1', '70126'),
(9247845180, 'Via', 'Giovanni Amendola', '170/15', '70126'),
(9247845181, 'Via', 'Giovanni Amendola', '170/13', '70126'),
(9247845182, 'Via', 'Giovanni Amendola', '170/11', '70126'),
(9247845184, 'Via', 'Giovanni Amendola', '170e', '70126'),
(9247845185, 'Via', 'Giovanni Amendola', '172/1', '70126'),
(9247845186, 'Via', 'Giovanni Amendola', '172/3', '70126'),
(9247845187, 'Via', 'Giovanni Amendola', '172/5', '70126'),
(9247845188, 'Via', 'Giovanni Amendola', '170/7', '70126'),
(9247845189, 'Via', 'Giovanni Amendola', '170/9', '70126'),
(9247864124, 'Via', 'della Resistenza', '48g2', '70125'),
(9253657122, 'Via', 'Giovanni Amendola', '168/9', '70126'),
(9253657123, 'Via', 'Giovanni Amendola', '168/7', '70126'),
(9253657124, 'Via', 'Giovanni Amendola', '168/3', '70126'),
(9253657128, 'Via', 'Giovanni Amendola', '166/6', '70126'),
(9253657129, 'Via', 'Giovanni Amendola', '166/5', '70126'),
(9253657133, 'Via', 'Giovanni Amendola', '164c', '70126'),
(9253657135, 'Via', 'Giovanni Amendola', '162/3', '70126'),
(9253657136, 'Via', 'Giovanni Amendola', '162/1', '70126'),
(9253791083, '', 'Stradella Cannaruto', '2', '70124'),
(9253809912, 'Via', 'della Resistenza', '48/g1', '70125'),
(9253809913, 'Via', 'della Resistenza', '48/g4', '70125'),
(9253809914, 'Via', 'della Resistenza', '48/g3', '70125'),
(9255358391, 'Via', 'della Resistenza', '48c', '70125'),
(9257412930, 'Via', 'Giovanni Amendola', '162a', '70126'),
(9272686917, 'Via', 'Nicolò Putignani', '19', '70121'),
(9272808317, 'Corso', 'Cavour', '55', '70121'),
(9329301538, 'Piazza', 'Giuseppe Massari', '8', '70122'),
(9329375096, 'Via', 'Giovanni Candura', '38', '70132'),
(9329414364, 'Via', 'Padre M. Kolbe', '9', '70126'),
(9329416668, 'Via', 'Principe Amedeo', '100', '70122'),
(9329458580, 'Via', 'Giuseppe Re David', '166', '70126'),
(9329463532, 'Via', 'Principe Amedeo', '114', '70122'),
(9329477002, 'Via', 'Francesco Netti', '32', '70123'),
(9329479271, 'Via', 'Giuseppe Capruzzi', '148', '70126'),
(9329484979, 'Via', 'Principe Amedeo', '91', '70122'),
(9329502107, 'Corso', 'Giuseppe Mazzini', '112', '70123'),
(9329508478, 'Via', 'Michele Mirenghi', '35', '70123'),
(9329519699, 'Via', 'Niccolò Piccinni', '131', '70122'),
(9329519700, 'Via', 'Marchese di Montrone', '80', '70122'),
(9348365112, 'Via', 'Giuseppe Re David', '171', '70125'),
(9348369454, '', 'Lungomare Cristoforo Colombo', '154', '70127'),
(9348381549, 'Corso', 'Italia', '3', '70123'),
(9348390319, 'Via', 'Magna Grecia', '63/65', '70126'),
(9348396712, 'Via', 'Sigismondo Castromediano', '89', '70126'),
(9348410393, 'Via', 'Roberto da Bari', '16', '70122'),
(9348416598, 'Via', 'Colonello de Cristoforis', '8', '70123'),
(9348422824, '', 'Lungomare Cristoforo Colombo', '158', '70127'),
(9348424856, 'Corso', 'Vittorio Emanuele II', '9', '70122'),
(9348448112, 'Via', 'Melo da Bari', '126', '70121'),
(9348448114, 'Via', 'Sparano da Bari', '1', '70122'),
(9348448115, 'Via', 'Sparano da Bari', '21', '70122'),
(9348448116, 'Via', 'Sparano da Bari', '45', '70121'),
(9348455238, 'Via', 'Sparano da Bari', '34', '70122'),
(9348455239, 'Via', 'Sparano da Bari', '38', '70122'),
(9348455240, 'Via', 'Sparano da Bari', '36', '70122'),
(9348455241, 'Via', 'Sparano da Bari', '46', '70121'),
(9348455243, 'Via', 'Sparano da Bari', '54', '70122'),
(9348455244, 'Via', 'Sparano da Bari', '70', '70121'),
(9348455245, 'Via', 'Sparano da Bari', '74', '70121'),
(9348455246, 'Via', 'Sparano da Bari', '78', '70121'),
(9348455247, 'Via', 'Sparano da Bari', '86', '70121'),
(9348455248, 'Via', 'Sparano da Bari', '88', '70121'),
(9348494521, 'Via', 'Sparano da Bari', '53', '70121'),
(9348504911, 'Via', 'Melo da Bari', '201', '70121'),
(9348512292, 'Via', 'Argiro', '51B', '70121'),
(9348527017, 'Via', 'Sparano da Bari', '49', '70121'),
(9348527019, 'Via', 'Sparano da Bari', '55', '70121'),
(9348527020, 'Via', 'Sparano da Bari', '63', '70121'),
(9348527021, 'Via', 'Sparano da Bari', '77', '70121'),
(9348527022, 'Via', 'Sparano da Bari', '81', '70122'),
(9348527023, 'Via', 'Sparano da Bari', '87', '70121'),
(9348527024, 'Via', 'Sparano da Bari', '101', '70121'),
(9365769108, 'Strada', 'San Giuseppe', '35', '70121'),
(9397110640, 'Via', 'Giambattista Bonazzi', '46', '70122'),
(9455320129, 'Via', 'Giuseppe Fanelli 289/TER', '111', '70121'),
(9463786488, 'Via', 'Glomerelli', '9f', '70123'),
(9554704378, 'Corso', 'Italia', '25A', '70123'),
(9600947279, 'Viale', 'Antonio Salandra', '55', '70124'),
(9626916578, 'Via', 'Giovanni Amendola', '122', '70126'),
(9631021366, 'Corso', 'Vittorio Emanuele Secondo', '92', '70122'),
(9631074006, 'Corso', 'Vittorio Emanuele Secondo', '146', '70122'),
(9631077780, 'Corso', 'Vittorio Emanuele Secondo', '134', '70122'),
(9631087143, 'Via', 'Sparano da Bari', '176', '70121'),
(9631090754, 'Corso', 'Vittorio Emanuele Secondo', '169', '70122'),
(9631095179, 'Via', 'de Rossi', '28', '70122'),
(9631096021, 'Via', 'Roberto da Bari', '104', '70122'),
(9631096068, 'Via', 'Sparano da Bari', '160b', '70121'),
(9631097302, 'Via', 'Dante Alighieri', '83', '70122'),
(9631097528, 'Via', 'de Rossi', '15', '70122'),
(9631104032, 'Via', 'Sparano da Bari', '147', '70121'),
(9631106470, 'Via', 'de Rossi', '38A', '70122'),
(9631106756, 'Via', 'Principe Amedeo', '94', '70122'),
(9631113024, 'Corso', 'Vittorio Emanuele Secondo', '138', '70122'),
(9631129787, 'Corso', 'Vittorio Emanuele Secondo', '159', '70122'),
(9633143117, 'Via', 'Altamura', '26', '70122'),
(9633143217, '', 'Corte Morgese', '18', '70122'),
(9652155730, '', 'Lungomare Nove Maggio', '40-42', '70123'),
(9653431670, 'Via', 'de Rossi', '88', '70122'),
(9653445678, 'Via', 'de Rossi', '160', '70122'),
(9653606568, 'Via', 'de Rossi', '98', '70122'),
(9767295823, 'Via', 'Abate Giacinto Gimma', '150', '70122'),
(9767347459, 'Via', 'de Rossi', '59/15', '70122'),
(9767373308, 'Corso', 'Vittorio Emanuele Secondo', '158', '70123'),
(9786496980, 'Via', 'Piave', '160', '70125'),
(9802649445, 'Via', 'Andrea da Bari', '32', '70122'),
(9802730965, 'Piazza', 'Giovanni Bovio', '5', '70037'),
(9886940117, 'Corso', 'Cavour', '56', '70121'),
(9887143403, 'Piazza', 'Luigi di Savoia', '24', '70121'),
(9908001559, 'Strada', 'Vallisa', '53', '70122'),
(9951049858, 'Via', 'Giuseppe Laudisi', '4', '70121'),
(9951049859, 'Via', 'Raffaele d\'Addosio', '4', '70121'),
(9951049860, 'Via', 'Francesco Maria Parisi', '8', '70121'),
(9951049861, 'Via', 'Francesco Maria Parisi', '6', '70121'),
(9951049862, 'Via', 'Raffaele d\'Addosio', '8', '70121'),
(9951049863, 'Via', 'Raffaele d\'Addosio', '10', '70121'),
(9951049864, 'Via', 'Giuseppe Laudisi', '6', '70121'),
(9951049865, 'Via', 'Francesco Maria Parisi', '2', '70121'),
(9951049866, 'Via', 'Raffaele d\'Addosio', '6', '70121'),
(9951049867, 'Via', 'Giuseppe Laudisi', '2', '70121'),
(9951049868, 'Via', 'Francesco Maria Parisi', '4', '70121'),
(9951049869, 'Via', 'Giuseppe Laudisi', '8', '70121'),
(9972776136, 'Viale', 'Unità d\'Italia', '63', '70121'),
(9972776139, 'Via', 'Nicola Tridente', '18', '70125'),
(9972776146, 'Corso', 'Sidney Sonnino', '132', '70121'),
(9972776161, 'Via', 'Emanuele de Deo', '45', '70121'),
(9972776163, 'Via', 'Benedetto Cairoli', '111', '70122'),
(9972776164, 'Via', 'Sagarriga Visconti', '70', '70122'),
(9972776177, 'Via', 'Dante Alighieri', '469', '70123'),
(9972776189, 'Via', 'Quintino Sella', '100', '70122'),
(9972776197, 'Via', 'Gioacchino Toma', '88', '70121'),
(9972776207, 'Corso', 'Giuseppe Mazzini', '3', '70123'),
(9972792733, 'Via', 'Antonio Salandra', '11', '70124'),
(9972792746, 'Via', 'Alessandro Maria Calefati', '207', '70122'),
(9972792751, 'Via', 'Gaetano Salvemini', '16G', '70125'),
(9972792753, 'Via', 'dei Mille', '71', '70121'),
(9974813639, 'Via', 'Puglia', '8', '70121'),
(9974813640, 'Via', 'Pacifico Mazzoni', '13a', '70121'),
(9974813641, 'Strada', 'San Girolamo', '2-4', '70121'),
(9974855955, 'Via', 'Giuseppe Capruzzi', '322', '70121'),
(9974855956, 'Via', 'Scipione Crisanzio', '116', '70121'),
(9974855957, 'Via', 'Crisanzio', '216/a', '70121'),
(9974855958, 'Via', 'Principe Amedeo', '345', '70121'),
(9974855959, 'Via', 'Napoli', '248', '70121'),
(9974855960, 'Via', 'di Maratona', '12', '70121'),
(9974855961, 'Via', 'Bruno Buozzi', '31/1', '70121'),
(9974872232, 'Via', 'Nicola Garrone', '31', '70121'),
(9974872233, 'Viale', 'Quinto Orazio Flacco', '11/b', '70121'),
(9974872234, 'Via', 'Francesco Campione', '46/a', '70121'),
(9974872235, 'Via', 'Sagarriga Visconti', '102', '70121'),
(9974872236, 'Piazza', 'Giuseppe Massari', '37', '70122'),
(9974954708, 'Via', 'Caduti di Via Fani', '25', '70121'),
(9974954709, 'Corso', 'Cavour', '126', '70121'),
(9974954710, 'Via', 'Melo Da Bari', '180', '70121'),
(9974954711, 'Corso', 'Cavour', '53A', '70121'),
(9975203550, 'Viale', 'Papa Pio Xii', '48/b', '70121'),
(9975203551, 'Largo', 'Ignazio Ciaia', '10/11', '70121'),
(9975203552, 'Via', 'Arcivescovo Vaccaro', '45', '70121'),
(9977084701, 'Via', 'Vaccarella', '20/e', '70121'),
(9977084702, 'Piazzale', 'G.a. Pugliese', '52', '70121'),
(9977084703, 'Via', 'Michele Troisi', '7', '70121'),
(9977084704, 'Viale', 'Japigia', '72', '70121'),
(9977084705, 'Via', 'Leonida Bissolati', '1', '70121'),
(9977084706, 'Via', 'Monfalcone', '19', '70121'),
(10023439240, 'Via', 'Salvatore Cognetti', '22', '70121'),
(10088810462, 'Corso', 'Italia', '10', '70123'),
(10118478945, 'Viale', 'Giovanni Falcone e Paolo Borsellino', '2', '70125'),
(10139555021, 'Via', 'Alessandro Maria Calefati', '249', '70122'),
(10169901985, 'Via', 'Sagarriga Visconti', '65/67', '70121'),
(10180295017, 'Via', 'Niccolò Piccinni', '180', '70122'),
(10237692248, 'Strada', 'Bianchi Dottula', '4', '70122'),
(10277433260, 'Via', 'Orfeo Mazzitelli', '170', '70124'),
(10282311258, 'Via', 'Giovan Battista Trevisani', '91', '70123'),
(10282688559, 'Corso', 'Vittorio Emanuele', '47', '70122'),
(10282688560, 'Corso', 'Vittorio Emanuele', '51', '70122'),
(10282688561, 'Corso', 'Vittorio Emanuele Secondo', '55', '70121'),
(10283412927, 'Via', 'Niccolò Piccinni', '23', '70122'),
(10287846428, '', 'Lungomare Cristoforo Colombo', '162', '70127'),
(10287846429, '', 'Lungomare Cristoforo Colombo', '160', '70127'),
(10287846433, 'Via', 'Tito Schipa', '7', '70127'),
(10289280876, 'Strada', 'Santa Caterina', '19', '70124'),
(10289280878, 'Via', 'Melo Da Bari', '176A', '70121'),
(10289280881, 'Corso', 'Cavour', '25', '70122'),
(10289979259, '', 'Lungomare Nazario Sauro', '19/21', '70121'),
(10289979260, 'Via', 'Argiro', '104', '70121'),
(10542776817, 'Via', 'Napoli', '351d', '70132'),
(10648161879, 'Via', 'Nicola De Gemmis', '60', '70124'),
(10648249277, 'Via', 'Carlo Collodi', '19', '70124'),
(10648269503, 'Via', 'Paolo Lembo', '36a, 36b', '70124'),
(10648278943, 'Via', 'Giovanni Amendola', '125-127', '70126'),
(10784217883, 'Via', 'Scipione Crisanzio', '55', '70122'),
(10790549313, 'Viale', 'della Repubblica', '100', '70125'),
(10821410507, 'Viale', 'della Repubblica', '117', '70125'),
(10911563936, '', 'Vico del Carmine', 's.n.c.', '70122'),
(10931513242, 'Via', 'Giuseppe Re David', '76', '70121'),
(10933960809, 'Viale', 'delle Regioni', '20', '70132'),
(10938001317, 'Via', 'Argiro', '79', '70122'),
(10959864597, 'Via', 'Quintino Sella', '75', '70122'),
(10961845708, 'Via', 'Guglielmo Oberdan', '40u', '70121'),
(10981026235, 'Via', 'Sparano da Bari', '160a', '70121'),
(10981026236, 'Via', 'Sparano da Bari', '137', '70121'),
(10981035596, 'Via', 'Sparano da Bari', '139', '70121'),
(10981659205, 'Strada', 'Angiola', '23', '70122'),
(11012510057, 'Via', 'Melo da Bari', '50', '70121'),
(11029886214, 'Via', 'Principe Amedeo', '121', '70122'),
(11062854000, 'Via', 'Principe Amedeo', '63', '70121'),
(11062886266, 'Corso', 'Vittorio Emanuele Secondo', '70', '70122'),
(11077445042, 'Via', 'Sparano da Bari', '174', '70121'),
(11098205063, 'Via', 'Argiro', '112', '70121'),
(11142727782, 'Via', 'Glomerelli', '17', '70132'),
(11156488394, 'Corso', 'Benedetto Croce', '241', '70125'),
(11177270852, 'Viale', 'Archimede', '6', '70126'),
(11199878737, 'Via', 'Sparano da Bari', '89', '70121'),
(11199879137, 'Via', 'Sparano da Bari', '93', '70121'),
(11216130042, 'Corso', 'Vittorio Emanuele', '82', '70128'),
(11228188467, 'Via', 'Napoli in Santo Spirito', '118', '70127'),
(11274129855, 'Via', 'Luigi Partipilo', '28', '70125'),
(11277508339, 'Via', 'Giuseppe Albanese', '24', '70124'),
(11302077930, 'Via', 'Salapia', '30', '70126'),
(11303008010, 'Corso', 'Italia', '1C', '70123'),
(11313811808, 'Via', 'Michele de Napoli', '4', '70125'),
(11313828638, 'Piazza', 'Giulio Cesare', '27', '70124'),
(11323149710, 'Corso', 'Sidney Sonnino', '147h', '70126'),
(11323173557, 'Strada', 'Palazzo di Città', '34', '70122'),
(11323183250, 'Viale', 'dei Sarti', '8', '70123'),
(11323185683, 'Corso', 'Sidney Sonnino', '34', '70121'),
(11327477688, '', 'II Traversa Via Niccolò Van Westerhout', '4', '70132'),
(11327631004, 'Piazza', 'Mercantile', '47', '70122'),
(11355558704, 'Viale', 'Domenico Cotugno', '4', '70124'),
(11355626694, 'Viale', 'Domenico Cotugno', '2/4', '70124'),
(11356656108, 'Via', 'Principe Amedeo', '126', '70122'),
(11362969975, 'Via', 'Brigata Regina', '24/26', '70123'),
(11362969976, 'Via', 'Brigata Regina', '22', '70123'),
(11362974755, 'Via', 'Brigata Regina', '38', '70123'),
(11362974756, 'Via', 'Brigata Regina', '36', '70123'),
(11362974757, 'Via', 'Brigata Regina', '34', '70123'),
(11362974758, 'Via', 'Brigata Regina', '30', '70123'),
(11362974759, 'Via', 'Brigata Regina', '32', '70123'),
(11362974760, 'Via', 'Brigata Regina', '26A/28', '70123'),
(11369510503, 'Piazza', 'Giuseppe Massari', '28', '70122'),
(11369510504, 'Piazza', 'Giuseppe Massari', '38', '70122'),
(11373229815, '', 'Traversa Via Martiri delle Foibe', '2', '70124'),
(11414859226, 'Via', 'Edoardo Orabona', '4', '70125'),
(11418304184, 'Corso', 'Italia', '17', '70123'),
(11443452487, 'Via', 'Salvatore Cognetti', '16', '70121'),
(11443452488, 'Via', 'Salvatore Cognetti', '20', '70121'),
(11443452489, 'Via', 'Salvatore Cognetti', '22', '70121'),
(11443484999, 'Via', 'Alberto Sordi', '1', '70121'),
(11443485000, 'Via', 'Alberto Sordi', '3', '70121'),
(11443485001, 'Via', 'Alberto Sordi', '5', '70121'),
(11443485002, 'Via', 'Alberto Sordi', '7', '70121'),
(11443485003, 'Via', 'Alberto Sordi', '9', '70121'),
(11443485004, 'Via', 'Alberto Sordi', '11', '70121'),
(11443485005, 'Via', 'Alberto Sordi', '15', '70121'),
(11443485006, 'Via', 'Alberto Sordi', '17', '70121'),
(11443485007, 'Via', 'Alberto Sordi', '19', '70121'),
(11443485008, 'Via', 'Alberto Sordi', '21', '70121'),
(11443485009, 'Via', 'Alberto Sordi', '23', '70121'),
(11443485010, 'Via', 'Alberto Sordi', '25', '70121'),
(11449456249, 'Viale', 'Antonio Salandra', '55', '70124'),
(11449456250, 'Viale', 'Antonio Salandra', '57', '70124'),
(11449751663, 'Via', 'Melo da Bari', '206', '70121'),
(11449751666, 'Via', 'Giuseppe Forges Davanzati', '31', '70121'),
(11449751667, 'Via', 'Giuseppe Forges Davanzati', '44', '70121'),
(11449855566, 'Via', 'Sparano da Bari', '143', '70121'),
(11451870091, 'Via', 'Gioacchino Murat', '59', '70123'),
(11451870092, 'Via', 'Gioacchino Murat', '59', '70123'),
(11459550011, 'Via', 'Melo da Bari', '116', '70121'),
(11466240056, 'Piazza', 'dell\'Odegitria', '5', '70121'),
(11476204416, 'Via', 'Prospero Petroni', '45', '70121'),
(11476204417, 'Via', 'Melo da Bari', '210', '70121'),
(11486901833, 'Corso', 'Vittorio Emanuele Secondo', '40A', '70122'),
(11491575224, 'Via', 'Sparano da Bari', '18', '70122'),
(11491575225, 'Via', 'Sparano da Bari', '14', '70122'),
(11491575226, 'Via', 'Sparano da Bari', '10', '70122'),
(11491575227, 'Via', 'Sparano da Bari', '8', '70122'),
(11491584168, 'Via', 'Sparano da Bari', '6', '70122'),
(11491630669, 'Via', 'Sparano da Bari', '4', '70122'),
(11491698513, 'Via', 'Sparano da Bari', '3', '70122'),
(11491698514, 'Via', 'Sparano da Bari', '5', '70122'),
(11491698515, 'Via', 'Sparano da Bari', '13', '70122'),
(11491698516, 'Via', 'Sparano da Bari', '9', '70122'),
(11491698517, 'Via', 'Sparano da Bari', '11', '70122'),
(11491698518, 'Via', 'Sparano da Bari', '17', '70122'),
(11491698519, 'Via', 'Sparano da Bari', '15', '70122'),
(11491698520, 'Via', 'Sparano da Bari', '19', '70122'),
(11491698521, 'Via', 'Sparano da Bari', '7', '70122'),
(11491708973, 'Via', 'Sparano da Bari', '12', '70122'),
(11491708974, 'Via', 'Sparano da Bari', '16', '70122'),
(11491708975, 'Via', 'Sparano da Bari', '20', '70122'),
(11491753243, 'Corso', 'Vittorio Emanuele Secondo', '60', '70122'),
(11491829719, 'Corso', 'Vittorio Emanuele Secondo', '62', '70122'),
(11492326576, 'Via', 'Sparano da Bari', '32', '70122'),
(11494272924, 'Via', 'Sparano da Bari', '23', '70122'),
(11494272925, 'Via', 'Sparano da Bari', '25', '70122'),
(11494272926, 'Via', 'Sparano da Bari', '25/a', '70122'),
(11494489411, 'Via', 'Sparano da Bari', '29', '70122'),
(11494489412, 'Via', 'Sparano da Bari', '27', '70122'),
(11494489413, 'Via', 'Sparano da Bari', '35', '70122'),
(11494489414, 'Via', 'Sparano da Bari', '37', '70122'),
(11494489415, 'Via', 'Sparano da Bari', '39', '70122'),
(11494489416, 'Via', 'Sparano da Bari', '41', '70122'),
(11494489417, 'Via', 'Sparano da Bari', '36A', '70122'),
(11494489418, 'Via', 'Sparano da Bari', '30', '70122'),
(11494489419, 'Via', 'Sparano da Bari', '28', '70122'),
(11494489420, 'Via', 'Sparano da Bari', '26', '70122'),
(11494496202, 'Via', 'Sparano da Bari', '31', '70122'),
(11494496203, 'Via', 'Sparano da Bari', '33', '70122'),
(11497752755, 'Via', 'Alessandro Maria Calefati', '61b', '70121'),
(11497752756, 'Via', 'Alessandro Maria Calefati', '61A', '70121'),
(11497951722, 'Via', 'Abate Giacinto Gimma', '62A', '70121'),
(11497951723, 'Via', 'Sparano da Bari', '44', '70121'),
(11497951724, 'Via', 'Sparano da Bari', '48', '70121'),
(11497951725, 'Via', 'Sparano da Bari', '50', '70121'),
(11497951726, 'Via', 'Sparano da Bari', '56', '70121'),
(11497951727, 'Via', 'Sparano da Bari', '54A', '70121'),
(11497951728, 'Via', 'Sparano da Bari', '52', '70121'),
(11497951729, 'Via', 'Sparano da Bari', '58', '70121'),
(11497951730, 'Via', 'Sparano da Bari', '60', '70121'),
(11497951731, 'Via', 'Sparano da Bari', '64', '70121');
INSERT INTO `indirizzi` (`id_indirizzo`, `tipo_indirizzo`, `nome_indirizzo`, `civico`, `CAP`) VALUES
(11498142590, 'Via', 'Sparano da Bari', '47', '70121'),
(11498142591, 'Via', 'Sparano da Bari', '51', '70121'),
(11498142592, 'Via', 'Sparano da Bari', '57', '70121'),
(11498142593, 'Via', 'Sparano da Bari', '59', '70121'),
(11498142594, 'Via', 'Sparano da Bari', '61', '70121'),
(11498142595, 'Via', 'Sparano da Bari', '63a', '70121'),
(11499948122, 'Via', 'Sparano da Bari', '68', '70121'),
(11499948123, 'Via', 'Sparano da Bari', '72', '70121'),
(11499948124, 'Via', 'Sparano da Bari', '82', '70121'),
(11499948125, 'Via', 'Sparano da Bari', '76', '70121'),
(11499948126, 'Via', 'Sparano da Bari', '90', '70121'),
(11500870415, 'Via', 'Sparano da Bari', '67', '70121'),
(11500870416, 'Via', 'Sparano da Bari', '69', '70121'),
(11500870417, 'Via', 'Sparano da Bari', '71', '70121'),
(11500870418, 'Via', 'Sparano da Bari', '73', '70121'),
(11500870419, 'Via', 'Sparano da Bari', '75', '70121'),
(11500870420, 'Via', 'Sparano da Bari', '79', '70121'),
(11500870421, 'Via', 'Sparano da Bari', '81bis', '70121'),
(11500870422, 'Via', 'Sparano da Bari', '83', '70121'),
(11500870423, 'Via', 'Sparano da Bari', '85', '70121'),
(11500932875, 'Via', 'Sparano da Bari', '92', '70121'),
(11500932876, 'Via', 'Sparano da Bari', '96a', '70121'),
(11500932877, 'Via', 'Sparano da Bari', '96', '70121'),
(11500932878, 'Via', 'Sparano da Bari', '98', '70121'),
(11500932879, 'Via', 'Sparano da Bari', '100', '70121'),
(11500932880, 'Via', 'Sparano da Bari', '102', '70121'),
(11500932881, 'Via', 'Sparano da Bari', '104', '70121'),
(11500932882, 'Via', 'Sparano da Bari', '108', '70121'),
(11500932883, 'Via', 'Sparano da Bari', '106', '70121'),
(11500932884, 'Via', 'Sparano da Bari', '118', '70121'),
(11500932885, 'Via', 'Sparano da Bari', '110', '70121'),
(11500932886, 'Via', 'Sparano da Bari', '110a', '70121'),
(11500932887, 'Via', 'Sparano da Bari', '112', '70121'),
(11500932888, 'Via', 'Sparano da Bari', '114', '70121'),
(11500932889, 'Via', 'Sparano da Bari', '116', '70121'),
(11503155518, 'Via', 'Sparano da Bari', '120', '70121'),
(11503155519, 'Via', 'Sparano da Bari', '126', '70121'),
(11503155520, 'Via', 'Sparano da Bari', '128', '70121'),
(11503155521, 'Via', 'Sparano da Bari', '138', '70121'),
(11503155522, 'Via', 'Sparano da Bari', '124', '70121'),
(11503155523, 'Via', 'Sparano da Bari', '122', '70121'),
(11503155524, 'Via', 'Sparano da Bari', '130', '70121'),
(11503155525, 'Via', 'Sparano da Bari', '132', '70121'),
(11503155526, 'Via', 'Sparano da Bari', '134', '70121'),
(11503223007, 'Via', 'Sparano da Bari', '91', '70121'),
(11508596572, 'Via', 'Brigata Regina', '104', '70123'),
(11510936440, 'Via', 'Sparano da Bari', '95', '70121'),
(11510936441, 'Via', 'Sparano da Bari', '97', '70121'),
(11510936442, 'Via', 'Sparano da Bari', '99', '70121'),
(11510936443, 'Via', 'Sparano da Bari', '109', '70121'),
(11511970725, 'Via', 'Sparano da Bari', '107', '70121'),
(11511970726, 'Via', 'Sparano da Bari', '111', '70121'),
(11511970727, 'Via', 'Sparano da Bari', '105', '70121'),
(11511970728, 'Via', 'Sparano da Bari', '103', '70121'),
(11512096933, 'Via', 'Sparano da Bari', '140', '70121'),
(11512096934, 'Via', 'Sparano da Bari', '142', '70121'),
(11512096935, 'Via', 'Sparano da Bari', '144', '70121'),
(11512096936, 'Via', 'Sparano da Bari', '150', '70121'),
(11512096937, 'Via', 'Sparano da Bari', '154', '70121'),
(11512096938, 'Via', 'Sparano da Bari', '148', '70121'),
(11512096939, 'Via', 'Sparano da Bari', '152', '70121'),
(11512096940, 'Via', 'Sparano da Bari', '146', '70121'),
(11512132790, 'Via', 'Argiro', '137', '70121'),
(11512132791, 'Piazza', 'Umberto Primo', '14', '70121'),
(11512204421, 'Via', 'Sparano da Bari', '113', '70121'),
(11512204422, 'Via', 'Sparano da Bari', '115', '70121'),
(11512204423, 'Via', 'Sparano da Bari', '119', '70121'),
(11512204424, 'Via', 'Sparano da Bari', '117', '70121'),
(11512204425, 'Via', 'Sparano da Bari', '123', '70121'),
(11512308467, 'Via', 'Sparano da Bari', '127', '70121'),
(11512308468, 'Via', 'Sparano da Bari', '131', '70121'),
(11512334569, 'Via', 'Sparano da Bari', '125', '70121'),
(11512334570, 'Via', 'Sparano da Bari', '129', '70121'),
(11512334571, 'Via', 'Sparano da Bari', '121', '70121'),
(11512372050, 'Piazza', 'Umberto Primo', '52a', '70121'),
(11513852998, 'Via', 'Sparano da Bari', '170', '70121'),
(11513852999, 'Via', 'Sparano da Bari', '172', '70121'),
(11513853000, 'Via', 'Sparano da Bari', '178', '70121'),
(11513853001, 'Via', 'Sparano da Bari', '160', '70121'),
(11513853002, 'Via', 'Sparano da Bari', '162', '70121'),
(11513853003, 'Via', 'Sparano da Bari', '168', '70121'),
(11513853004, 'Via', 'Sparano da Bari', '164', '70121'),
(11513853005, 'Via', 'Sparano da Bari', '166', '70121'),
(11513925283, 'Via', 'Sparano da Bari', '133', '70121'),
(11513925284, 'Via', 'Sparano da Bari', '157', '70121'),
(11513925285, 'Via', 'Sparano da Bari', '155', '70121'),
(11513925286, 'Via', 'Sparano da Bari', '141', '70121'),
(11513925287, 'Via', 'Sparano da Bari', '143a', '70121'),
(11513925288, 'Via', 'Sparano da Bari', '143b', '70121'),
(11513925289, 'Via', 'Sparano da Bari', '153', '70121'),
(11513946035, 'Via', 'Argiro', '7', '70122'),
(11513985711, 'Via', 'Napoli', '353/3', '70132'),
(11514053895, 'Via', 'Nicola Cacudi', '40', '70132'),
(11514078183, 'Via', 'Bruno Zaccaro', '19', '70126'),
(11514140161, 'Piazza', 'Luigi di Savoia', '41A', '70121'),
(11514140162, 'Via', 'Argiro', '19', '70121'),
(11514162050, 'Via', 'Andrea da Bari', '141', '70121'),
(11514194027, 'Via', 'Alessandro Maria Calefati', '6', '70121'),
(11515883927, 'Via', 'Arcivescovo Vaccaro', '45', '70121'),
(11515930749, 'Via', 'Giovanni Amendola', '172/C', '70126'),
(11515966363, 'Viale', 'Japigia', '160', '70126'),
(11516310191, 'Via', 'Fratelli Prayer', '12', '70121'),
(11516344338, 'Via', 'Francesco Campione', '50', '70124'),
(11575957216, 'Corso', 'Vittorio Emanuele Secondo', '64', '70122'),
(11591593595, 'Via', 'Enrico Toti', '15/E', '70125'),
(11608392521, 'Via', 'Spalato', '19', '70121'),
(11646054347, 'Piazza', 'Umberto Primo', '54a', '70121'),
(11646054348, 'Piazza', 'Umberto Primo', '54b', '70121'),
(11646054349, 'Piazza', 'Umberto Primo', '54c', '70121'),
(11646054350, 'Piazza', 'Umberto Primo', '54d', '70121'),
(11646054351, 'Piazza', 'Umberto Primo', '54', '70121'),
(11646054352, 'Piazza', 'Umberto Primo', '52b', '70121'),
(11646054353, 'Piazza', 'Umberto Primo', '52', '70121'),
(11646054354, 'Piazza', 'Umberto Primo', '50', '70121'),
(11646054355, 'Piazza', 'Umberto Primo', '48b', '70121'),
(11649674735, 'Via', 'Vito Nicola de Nicolò', '48', '70121'),
(11649752955, 'Via', 'Pietro Leonida Laforgia', '24', '70125'),
(11679053188, 'Via', 'Argiro', '136', '70121'),
(11679053189, 'Via', 'Argiro', '140', '70121'),
(11679053190, 'Via', 'Argiro', '146', '70121'),
(11679077326, 'Piazza', 'Umberto Primo', '17', '70121'),
(11679077327, 'Piazza', 'Umberto Primo', '22', '70121'),
(11679077328, 'Piazza', 'Umberto Primo', '24', '70121'),
(11679077329, 'Piazza', 'Umberto Primo', '27', '70121'),
(11681602614, 'Piazza', 'Umberto Primo', '12', '70121'),
(11681602615, 'Piazza', 'Umberto Primo', '18', '70121'),
(11681631463, 'Piazza', 'Umberto Primo', '6', '70121'),
(11681722589, 'Via', 'Argiro', '84', '70121'),
(11687448923, 'Piazza', 'Umberto Primo', '59a', '70121'),
(11687448924, 'Piazza', 'Umberto Primo', '60a', '70121'),
(11687501890, 'Piazza', 'Umberto Primo', '1a', '70121'),
(11687501891, 'Piazza', 'Umberto Primo', '28', '70121'),
(11687501892, 'Piazza', 'Umberto Primo', '29', '70121'),
(11687501893, 'Piazza', 'Umberto Primo', '29a', '70121'),
(11687501894, 'Piazza', 'Umberto Primo', '30', '70121'),
(11687501895, 'Piazza', 'Umberto Primo', '31', '70121'),
(11694567885, '', 'SP 156 Bitonto - Aeroporto Palese', '1', '70128'),
(11708503883, '', 'Lungomare Nazario Sauro', '13', '70121'),
(11708663721, 'Via', 'Dalmazia', '6A', '70121'),
(11708663722, 'Via', 'Dalmazia', '6', '70121'),
(11708663723, 'Via', 'Dalmazia', '6B', '70121'),
(11708663726, 'Via', 'Dalmazia', '10', '70121'),
(11708663727, 'Via', 'Dalmazia', '8', '70121'),
(11708663728, 'Via', 'Dalmazia', '12', '70121'),
(11708703178, 'Via', 'Dalmazia', '12A', '70121'),
(11708703179, 'Via', 'Dalmazia', '14', '70121'),
(11708703180, 'Via', 'Dalmazia', '16', '70121'),
(11710995249, 'Via', 'Camillo Rosalba', '45D', '70124'),
(11710995250, 'Via', 'Camillo Rosalba', '45C', '70124'),
(11751235309, 'Via', 'Cardassi', '24', '70121'),
(11756858347, 'Via', 'Caldarola', '28/B', '70126'),
(11757892817, 'Via', 'Anita Garibaldi', '1', '70123'),
(11766629760, 'Via', 'Gioacchino Murat', '1', '70122'),
(11766629761, 'Via', 'Gioacchino Murat', '1', '70122'),
(11766629762, 'Via', 'Gioacchino Murat', '1', '70122'),
(11766822927, 'Via', 'Giovan Battista Trevisani', '236', '70123'),
(11783492684, 'Via', 'Rocco Scotellaro', '55', '70010'),
(11793833096, 'Piazza', 'Umberto Primo', '21', '70121'),
(11793833097, 'Piazza', 'Umberto Primo', '23', '70121'),
(11793833098, 'Piazza', 'Umberto Primo', '25', '70121'),
(11793833100, 'Piazza', 'Umberto Primo', '26', '70121'),
(11805823172, 'Via', 'Argiro', '2', '70122'),
(11805823173, 'Via', 'Argiro', '4', '70122'),
(11805823174, 'Via', 'Argiro', '6', '70122'),
(11805823175, 'Via', 'Argiro', '8', '70122'),
(11805823176, 'Via', 'Argiro', '10', '70122'),
(11805823177, 'Via', 'Argiro', '10A', '70122'),
(11805823178, 'Via', 'Argiro', '18', '70122'),
(11805823179, 'Via', 'Argiro', '18A', '70122'),
(11805823180, 'Via', 'Argiro', '16', '70122'),
(11805823181, 'Via', 'Argiro', '16A', '70122'),
(11805823182, 'Via', 'Argiro', '22', '70122'),
(11805823183, 'Via', 'Argiro', '20', '70122'),
(11805823184, 'Via', 'Argiro', '12', '70122'),
(11805823185, 'Via', 'Argiro', '14', '70122'),
(11805823186, 'Via', 'Argiro', '14A', '70122'),
(11805852390, 'Via', 'Argiro', '24', '70122'),
(11805852391, 'Via', 'Argiro', '26', '70122'),
(11805852392, 'Via', 'Argiro', '28', '70122'),
(11805852393, 'Via', 'Argiro', '30', '70122'),
(11805852394, 'Via', 'Argiro', '34', '70122'),
(11805852395, 'Via', 'Argiro', '21', '70122'),
(11805852396, 'Via', 'Argiro', '19', '70122'),
(11805852397, 'Via', 'Argiro', '17', '70122'),
(11805852398, 'Via', 'Argiro', '15A', '70122'),
(11805852399, 'Via', 'Argiro', '15', '70122'),
(11805852400, 'Via', 'Argiro', '13', '70122'),
(11805852401, 'Via', 'Argiro', '11', '70122'),
(11805852402, 'Via', 'Argiro', '9', '70122'),
(11805852403, 'Via', 'Argiro', '5', '70122'),
(11805852404, 'Via', 'Argiro', '3', '70122'),
(11805852405, 'Via', 'Argiro', '1', '70122'),
(11805852406, 'Via', 'Argiro', '1A', '70122'),
(11805852407, 'Via', 'Niccolò Piccinni', '49', '70122'),
(11808214233, 'Piazzale', 'Cristoforo Colombo', '1', '70122'),
(11808223763, 'Via', 'Giosuè Carducci', '23', '70122'),
(11808223764, 'Via', 'Giosuè Carducci', '25', '70122'),
(11808236825, 'Via', 'Giosuè Carducci', '29', '70122'),
(11808236826, 'Via', 'Giosuè Carducci', '31', '70122'),
(11810312960, 'Via', 'Argiro', '32', '70122'),
(11810312961, 'Via', 'Argiro', '36', '70122'),
(11810312962, 'Via', 'Argiro', '38', '70122'),
(11815224803, 'Via', 'Pasubio', '86', '70125'),
(11817195153, 'Via', 'Giovanni Amendola', '126C', '70126'),
(11817195163, 'Via', 'Giovanni Amendola', '126A', '70126'),
(11817241100, 'Viale', 'Japigia', '184', '70126'),
(11821983800, 'Viale', 'Japigia', '184', '70126'),
(11821983801, 'Viale', 'Japigia', '184', '70126'),
(11829061332, 'Via', 'Argiro', '25', '70122'),
(11829061333, 'Via', 'Argiro', '23A', '70122'),
(11829061334, 'Via', 'Argiro', '23', '70122'),
(11829061335, 'Via', 'Niccolò Piccinni', '36', '70122'),
(11829061336, 'Via', 'Argiro', '27', '70122'),
(11829061337, 'Via', 'Argiro', '29', '70122'),
(11829061338, 'Via', 'Argiro', '27A', '70122'),
(11829061339, 'Via', 'Abate Giacinto Gimma', '53', '70121'),
(11829061340, 'Via', 'Argiro', '31', '70122'),
(11831152490, 'Via', 'Argiro', '31A', '70122'),
(11831152491, 'Via', 'Argiro', '33', '70122'),
(11831152492, 'Via', 'Argiro', '35', '70122'),
(11831152493, 'Via', 'Argiro', '35A', '70122'),
(11831152494, 'Via', 'Argiro', '37', '70122'),
(11831152495, 'Via', 'Argiro', '39', '70122'),
(11831152496, 'Via', 'Argiro', '41', '70122'),
(11831152497, 'Via', 'Argiro', '43', '70121'),
(11831152498, 'Via', 'Argiro', '40', '70122'),
(11831152499, 'Via', 'Abate Giacinto Gimma', '35', '70121'),
(11831152501, 'Via', 'Argiro', '44', '70121'),
(11831152502, 'Via', 'Argiro', '46', '70121'),
(11831152503, 'Via', 'Argiro', '46A', '70121'),
(11831152504, 'Via', 'Argiro', '50', '70121'),
(11831152505, 'Via', 'Argiro', '52', '70121'),
(11831152506, 'Via', 'Argiro', '48', '70121'),
(11831152507, 'Via', 'Argiro', '50A', '70121'),
(11831152508, 'Via', 'Argiro', '56', '70121'),
(11831152509, 'Via', 'Argiro', '54', '70121'),
(11831152510, 'Via', 'Argiro', '54A', '70121'),
(11831152511, 'Via', 'Argiro', '58', '70121'),
(11831152512, 'Via', 'Argiro', '58A', '70121'),
(11831152513, 'Via', 'Argiro', '42', '70122'),
(11831290110, 'Via', 'Argiro', '45', '70121'),
(11831290111, 'Via', 'Argiro', '47', '70121'),
(11831290112, 'Via', 'Argiro', '49', '70121'),
(11831290113, 'Via', 'Argiro', '53', '70121'),
(11831290114, 'Via', 'Argiro', '51A', '70121'),
(11831290115, 'Via', 'Argiro', '51', '70121'),
(11831344535, 'Via', 'Argiro', '55', '70121'),
(11831344536, 'Via', 'Argiro', '57', '70121'),
(11831344537, 'Via', 'Argiro', '59', '70121'),
(11831344538, 'Via', 'Argiro', '61', '70121'),
(11831344539, 'Via', 'Argiro', '63', '70121'),
(11831344540, 'Via', 'Alessandro Maria Calefati', '43', '70121'),
(11831598134, 'Corso', 'Cavour', '165', '70121'),
(11832427232, 'Via', 'Argiro', '69', '70121'),
(11832427233, 'Via', 'Argiro', '67', '70121'),
(11832427234, 'Via', 'Argiro', '65', '70121'),
(11832427235, 'Via', 'Argiro', '73', '70121'),
(11832427236, 'Via', 'Argiro', '71', '70121'),
(11832447711, 'Via', 'Argiro', '77', '70121'),
(11832447712, 'Via', 'Argiro', '81', '70121'),
(11832447713, 'Via', 'Argiro', '83A', '70121'),
(11833216512, 'Via', 'Quintino Sella', '126', '70122'),
(11833679267, 'Via', 'Domenico Nicolai', '48', '70122'),
(11833907086, 'Via', 'Scipione Crisanzio', '18', '70122'),
(11833907099, 'Via', 'Scipione Crisanzio', '16', '70122'),
(11834685101, 'Via', 'Scipione Crisanzio', '14', '70122'),
(11834685102, 'Via', 'Scipione Crisanzio', '20', '70122'),
(11834685103, 'Via', 'Scipione Crisanzio', '22', '70122'),
(11834685104, 'Via', 'Scipione Crisanzio', '28', '70122'),
(11834685105, 'Via', 'Scipione Crisanzio', '26', '70122'),
(11834685106, 'Via', 'Scipione Crisanzio', '24', '70122'),
(11834879068, 'Via', 'Scipione Crisanzio', '30', '70122'),
(11834883569, 'Via', 'Scipione Crisanzio', '32', '70122'),
(11834883840, 'Via', 'Scipione Crisanzio', '36A', '70122'),
(11834964555, 'Via', 'Scipione Crisanzio', '46', '70122'),
(11834964556, 'Via', 'Scipione Crisanzio', '42', '70122'),
(11834964557, 'Via', 'Scipione Crisanzio', '44', '70122'),
(11847820318, 'Via', 'Orfeo Mazzitelli', '41', '70124'),
(11850980209, 'Via', 'Orfeo Mazzitelli', '170F', '70124'),
(11860183516, 'Via', 'Camillo Rosalba', '34', '70124'),
(11860183517, 'Via', 'Camillo Rosalba', '34A', '70124'),
(11861746243, 'Via', 'Camillo Rosalba', '38C', '70124'),
(11861746244, 'Via', 'Camillo Rosalba', '38C', '70124'),
(11861746246, 'Via', 'Camillo Rosalba', '49B', '70124'),
(11861746247, 'Via', 'Camillo Rosalba', '49A', '70124'),
(11861746248, 'Via', 'Camillo Rosalba', '49D', '70124'),
(11876897372, 'Via', 'Argiro', '75', '70121'),
(11876897373, 'Via', 'Argiro', '83', '70121'),
(11876897374, 'Via', 'Argiro', '85', '70121'),
(11876966718, 'Via', 'Argiro', '74', '70121'),
(11876966719, 'Via', 'Argiro', '76', '70121'),
(11876966720, 'Via', 'Argiro', '68', '70121'),
(11876966721, 'Via', 'Argiro', '80A', '70121'),
(11876966722, 'Via', 'Argiro', '64', '70121'),
(11876966723, 'Via', 'Argiro', '60', '70121'),
(11876966724, 'Via', 'Argiro', '60A', '70121'),
(11876966725, 'Via', 'Argiro', '62', '70121'),
(11876966726, 'Via', 'Argiro', '66', '70121'),
(11876966727, 'Via', 'Argiro', '70', '70121'),
(11876966728, 'Via', 'Argiro', '72', '70121'),
(11876966729, 'Via', 'Argiro', '78', '70121'),
(11876966730, 'Via', 'Argiro', '80', '70121'),
(11876966731, 'Via', 'Argiro', '82', '70121'),
(11877144531, 'Via', 'Argiro', '88', '70121'),
(11877144532, 'Via', 'Argiro', '90', '70121'),
(11877144533, 'Via', 'Argiro', '92', '70121'),
(11877144534, 'Via', 'Argiro', '92A', '70121'),
(11877144535, 'Via', 'Argiro', '86', '70121'),
(11877144536, 'Via', 'Argiro', '88A', '70121'),
(11877144537, 'Via', 'Argiro', '94', '70121'),
(11877144538, 'Via', 'Argiro', '96', '70121'),
(11877144539, 'Via', 'Argiro', '96A', '70121'),
(11877144540, 'Via', 'Argiro', '98', '70121'),
(11877144541, 'Via', 'Argiro', '102', '70121'),
(11877144542, 'Via', 'Argiro', '100', '70121'),
(11877144543, 'Via', 'Argiro', '104A', '70121'),
(11878488429, 'Via', 'Ruggiero il Normanno', '94/A', '70122'),
(11879001074, 'Via', 'Argiro', '109', '70121'),
(11879001075, 'Via', 'Argiro', '97', '70121'),
(11879001076, 'Via', 'Argiro', '89', '70121'),
(11879001077, 'Via', 'Argiro', '87', '70121'),
(11879001078, 'Via', 'Argiro', '105', '70121'),
(11879001079, 'Via', 'Argiro', '91', '70121'),
(11879001080, 'Via', 'Argiro', '93', '70121'),
(11879001081, 'Via', 'Argiro', '95', '70121'),
(11879001082, 'Via', 'Argiro', '95A', '70121'),
(11879001083, 'Via', 'Argiro', '99', '70121'),
(11879001084, 'Via', 'Argiro', '101', '70121'),
(11879001085, 'Via', 'Argiro', '103', '70121'),
(11879001086, 'Via', 'Argiro', '107', '70121'),
(11879033563, 'Via', 'Argiro', '108', '70121'),
(11879033564, 'Via', 'Argiro', '118', '70121'),
(11879033565, 'Via', 'Argiro', '120', '70121'),
(11879033566, 'Via', 'Argiro', '128', '70121'),
(11879033567, 'Via', 'Argiro', '106', '70121'),
(11879033568, 'Via', 'Argiro', '110', '70121'),
(11879093310, 'Via', 'Argiro', '131', '70121'),
(11879093311, 'Via', 'Argiro', '127', '70121'),
(11879093312, 'Via', 'Argiro', '115', '70121'),
(11879093313, 'Via', 'Argiro', '121', '70121'),
(11879093314, 'Via', 'Argiro', '125', '70121'),
(11879093315, 'Via', 'Argiro', '111', '70121'),
(11879093316, 'Via', 'Argiro', '113', '70121'),
(11879093317, 'Via', 'Argiro', '113A', '70121'),
(11879093318, 'Via', 'Argiro', '117', '70121'),
(11879093319, 'Via', 'Argiro', '119', '70121'),
(11879093320, 'Via', 'Argiro', '123', '70121'),
(11879105469, 'Via', 'Argiro', '112A', '70121'),
(11879105470, 'Via', 'Argiro', '129', '70121'),
(11879105471, 'Via', 'Argiro', '116', '70121'),
(11879105472, 'Via', 'Argiro', '114', '70121'),
(11879105473, 'Via', 'Argiro', '114A', '70121'),
(11879105474, 'Via', 'Argiro', '118A', '70121'),
(11879105475, 'Via', 'Argiro', '122', '70121'),
(11879105476, 'Via', 'Argiro', '124', '70121'),
(11879105477, 'Via', 'Argiro', '126', '70121'),
(11879887867, 'Via', 'Dante Alighieri', '40', '70121'),
(11879887868, 'Via', 'Argiro', '130', '70121'),
(11879890527, 'Via', 'Argiro', '133', '70121'),
(11879890528, 'Via', 'Argiro', '141', '70121'),
(11879890529, 'Via', 'Argiro', '135', '70121'),
(11879890530, 'Via', 'Argiro', '139', '70121'),
(11879890531, 'Via', 'Argiro', '143', '70121'),
(11879890532, 'Via', 'Argiro', '145', '70121'),
(11879890533, 'Via', 'Argiro', '147', '70121'),
(11879890534, 'Via', 'Argiro', '149', '70121'),
(11879890535, 'Via', 'Argiro', '151', '70121'),
(11879901969, 'Via', 'Argiro', '130A', '70121'),
(11879901970, 'Via', 'Argiro', '130B', '70121'),
(11879901971, 'Via', 'Argiro', '130C', '70121'),
(11879901972, 'Via', 'Argiro', '132', '70121'),
(11879901973, 'Via', 'Argiro', '134', '70121'),
(11879901974, 'Via', 'Argiro', '138', '70121'),
(11879901975, 'Via', 'Argiro', '142', '70121'),
(11879901976, 'Via', 'Argiro', '144', '70121'),
(11879901977, 'Via', 'Argiro', '148', '70121'),
(11891796858, 'Piazza', 'Umberto Primo', '48A', '70121'),
(11891796859, 'Piazza', 'Umberto Primo', '48C', '70121'),
(11891796860, 'Piazza', 'Umberto Primo', '49', '70121'),
(11891796861, 'Piazza', 'Umberto Primo', '50A', '70121'),
(11891796862, 'Piazza', 'Umberto Primo', '50B', '70121'),
(11891796863, 'Piazza', 'Umberto Primo', '51', '70121'),
(11891860189, 'Piazza', 'Umberto Primo', '55', '70121'),
(11891860190, 'Piazza', 'Umberto Primo', '56', '70121'),
(11891860191, 'Piazza', 'Umberto Primo', '57', '70121'),
(11891860192, 'Piazza', 'Umberto Primo', '58', '70121'),
(11891860193, 'Piazza', 'Umberto Primo', '59', '70121'),
(11891860194, 'Piazza', 'Umberto Primo', '60', '70121'),
(11891860195, 'Piazza', 'Umberto Primo', '61', '70121'),
(11891860196, 'Piazza', 'Umberto Primo', '62', '70121'),
(11891860197, 'Piazza', 'Umberto Primo', '63', '70121'),
(11891860198, 'Piazza', 'Umberto Primo', '64', '70121'),
(11893078362, 'Via', 'Andrea da Bari', '139', '70121'),
(11894888698, 'Piazza', 'Umberto Primo', '42', '70121'),
(11894888699, 'Piazza', 'Umberto Primo', '40', '70121'),
(11894888700, 'Piazza', 'Umberto Primo', '41A', '70121'),
(11894888701, 'Piazza', 'Umberto Primo', '41B', '70121'),
(11894888702, 'Piazza', 'Umberto Primo', '43', '70121'),
(11894888703, 'Piazza', 'Umberto Primo', '44', '70121'),
(11894888704, 'Piazza', 'Umberto Primo', '45', '70121'),
(11894888705, 'Piazza', 'Umberto Primo', '46', '70121'),
(11894888706, 'Piazza', 'Umberto Primo', '46A', '70121'),
(11894888707, 'Piazza', 'Umberto Primo', '47', '70121'),
(11894888708, 'Piazza', 'Umberto Primo', '47A', '70121'),
(11894888709, 'Piazza', 'Umberto Primo', '48', '70121'),
(11894889014, 'Piazza', 'Umberto Primo', '30A', '70121'),
(11894889015, 'Piazza', 'Umberto Primo', '32', '70121'),
(11894889016, 'Piazza', 'Umberto Primo', '33', '70121'),
(11894889017, 'Piazza', 'Umberto Primo', '33A', '70121'),
(11894889018, 'Piazza', 'Umberto Primo', '34', '70121'),
(11894889019, 'Piazza', 'Umberto Primo', '35', '70121'),
(11894889020, 'Piazza', 'Umberto Primo', '36', '70121'),
(11895137461, 'Via', 'Giuseppe Bozzi', '73', '70121'),
(11895137462, 'Via', 'Giuseppe Bozzi', '79', '70121'),
(11895137463, 'Via', 'Giuseppe Bozzi', '85', '70121'),
(11895137464, 'Via', 'Giuseppe Bozzi', '83', '70121'),
(11895137465, 'Via', 'Giuseppe Bozzi', '81', '70121'),
(11895137466, 'Via', 'Giuseppe Bozzi', '77', '70121'),
(11895137467, 'Via', 'Giuseppe Bozzi', '75', '70121'),
(11895137468, 'Via', 'Giuseppe Bozzi', '71', '70121'),
(11895178069, 'Via', 'Giuseppe Bozzi', '69', '70121'),
(11895178070, 'Via', 'Giuseppe Bozzi', '67', '70121'),
(11895178071, 'Via', 'Giuseppe Bozzi', '65', '70121'),
(11897004286, 'Piazza', 'Umberto Primo', '2', '70121'),
(11897004287, 'Piazza', 'Umberto Primo', '3', '70121'),
(11897004288, 'Piazza', 'Umberto Primo', '4', '70121'),
(11897004289, 'Piazza', 'Umberto Primo', '7', '70121'),
(11897004290, 'Piazza', 'Umberto Primo', '8', '70121'),
(11897004291, 'Piazza', 'Umberto Primo', '9', '70121'),
(11897004292, 'Piazza', 'Umberto Primo', '10', '70121'),
(11897004293, 'Piazza', 'Umberto Primo', '11', '70121'),
(11897004294, 'Piazza', 'Umberto Primo', '13', '70121'),
(11897004295, 'Piazza', 'Umberto Primo', '15', '70121'),
(11897004296, 'Piazza', 'Umberto Primo', '16', '70121'),
(11897004297, 'Piazza', 'Umberto Primo', '19', '70121'),
(11897004298, 'Piazza', 'Umberto Primo', '20', '70121'),
(11907854756, 'Via', 'Roberto da Bari', '58A', '70122'),
(11915111264, 'Via', 'Melo da Bari', '1', '70122'),
(11915111265, 'Via', 'Melo da Bari', '3', '70122'),
(11915111266, 'Via', 'Melo da Bari', '3A', '70122'),
(11915111267, 'Via', 'Melo da Bari', '7', '70122'),
(11915111268, 'Via', 'Melo da Bari', '9', '70122'),
(11915139569, 'Via', 'Melo da Bari', '11', '70122'),
(11915139570, 'Via', 'Melo da Bari', '13', '70122'),
(11915139571, 'Via', 'Melo da Bari', '15', '70122'),
(11915139572, 'Via', 'Melo da Bari', '17', '70122'),
(11915139573, 'Via', 'Melo da Bari', '19', '70122'),
(11915139574, 'Via', 'Melo da Bari', '21', '70122'),
(11915139575, 'Via', 'Melo da Bari', '2', '70122'),
(11915139576, 'Via', 'Melo da Bari', '4', '70122'),
(11915139577, 'Via', 'Melo da Bari', '6', '70122'),
(11915139578, 'Via', 'Melo da Bari', '8', '70122'),
(11915139579, 'Via', 'Melo da Bari', '8A', '70122'),
(11915139580, 'Via', 'Melo da Bari', '8B', '70122'),
(11915139581, 'Via', 'Melo da Bari', '10', '70122'),
(11915139582, 'Via', 'Melo da Bari', '12', '70122'),
(11915139583, 'Via', 'Melo da Bari', '14', '70122'),
(11915139584, 'Via', 'Melo da Bari', '16', '70122'),
(11915139585, 'Via', 'Melo da Bari', '16A', '70122'),
(11915139586, 'Via', 'Melo da Bari', '18', '70122'),
(11915139587, 'Via', 'Melo da Bari', '18A', '70122'),
(11915139588, 'Via', 'Melo da Bari', '20', '70122'),
(11915782024, 'Via', 'Melo da Bari', '23', '70122'),
(11915782025, 'Via', 'Melo da Bari', '25', '70122'),
(11915782026, 'Via', 'Melo da Bari', '27', '70122'),
(11915782027, 'Via', 'Melo da Bari', '29', '70122'),
(11915782028, 'Via', 'Melo da Bari', '31', '70122'),
(11915782029, 'Via', 'Melo da Bari', '33', '70122'),
(11915782030, 'Via', 'Melo da Bari', '33A', '70122'),
(11915782031, 'Via', 'Melo da Bari', '35', '70122'),
(11915782032, 'Via', 'Melo da Bari', '37', '70122'),
(11915782033, 'Via', 'Melo da Bari', '39', '70122'),
(11915782034, 'Via', 'Melo da Bari', '41', '70122'),
(11915782035, 'Via', 'Melo da Bari', '43', '70121'),
(11917620885, 'Via', 'Melo da Bari', '22', '70122'),
(11917620886, 'Via', 'Melo da Bari', '24', '70122'),
(11917620887, 'Via', 'Melo da Bari', '26', '70122'),
(11917620888, 'Via', 'Melo da Bari', '28', '70122'),
(11917620889, 'Via', 'Melo da Bari', '30', '70122'),
(11917620890, 'Via', 'Melo da Bari', '34', '70122'),
(11917620891, 'Via', 'Melo da Bari', '32', '70122'),
(11917696861, 'Via', 'Melo da Bari', '45', '70121'),
(11917696862, 'Via', 'Melo da Bari', '47', '70121'),
(11917696863, 'Via', 'Melo da Bari', '49', '70121'),
(11917696864, 'Via', 'Melo da Bari', '51', '70121'),
(11917696865, 'Via', 'Melo da Bari', '53', '70121'),
(11917696866, 'Via', 'Melo da Bari', '55', '70121'),
(11917696867, 'Via', 'Melo da Bari', '57', '70121'),
(11917696868, 'Via', 'Melo da Bari', '59', '70121'),
(11917764904, 'Via', 'Melo da Bari', '38', '70122'),
(11917764905, 'Via', 'Melo da Bari', '40', '70122'),
(11917764906, 'Via', 'Melo da Bari', '42', '70122'),
(11917764907, 'Via', 'Melo da Bari', '36', '70122'),
(11917807349, 'Via', 'Melo da Bari', '44', '70121'),
(11917807350, 'Via', 'Melo da Bari', '46', '70121'),
(11917807351, 'Via', 'Melo da Bari', '46A', '70121'),
(11917807352, 'Via', 'Melo da Bari', '48', '70121'),
(11917807353, 'Via', 'Melo da Bari', '50A', '70121'),
(11917807354, 'Via', 'Melo da Bari', '52', '70121'),
(11917807355, 'Via', 'Melo da Bari', '52A', '70121'),
(11917807356, 'Via', 'Melo da Bari', '54', '70121'),
(11917807357, 'Via', 'Melo da Bari', '56', '70121'),
(11917807358, 'Via', 'Melo da Bari', '58', '70121'),
(11917807359, 'Via', 'Melo da Bari', '60', '70121'),
(11917807360, 'Via', 'Melo da Bari', '62', '70121'),
(11917840569, 'Via', 'Melo da Bari', '61', '70121'),
(11917840570, 'Via', 'Melo da Bari', '63', '70121'),
(11917840571, 'Via', 'Melo da Bari', '65', '70121'),
(11918219833, 'Via', 'Alessandro Maria Calefati', '12', '70121'),
(11918231900, 'Via', 'Melo da Bari', '64', '70121'),
(11918231901, 'Via', 'Melo da Bari', '66', '70121'),
(11918231902, 'Via', 'Melo da Bari', '68', '70121'),
(11918231903, 'Via', 'Melo da Bari', '68A', '70121'),
(11918231904, 'Via', 'Melo da Bari', '70', '70121'),
(11918231905, 'Via', 'Melo da Bari', '72', '70121'),
(11918231906, 'Via', 'Melo da Bari', '74', '70121'),
(11918231907, 'Via', 'Melo da Bari', '76', '70121'),
(11918231908, 'Via', 'Melo da Bari', '78', '70121'),
(11918231909, 'Via', 'Melo da Bari', '80', '70121'),
(11918231910, 'Via', 'Melo da Bari', '82', '70121'),
(11918231911, 'Via', 'Melo da Bari', '77', '70121'),
(11919593682, 'Via', 'Melo da Bari', '67', '70121'),
(11919593683, 'Via', 'Melo da Bari', '69', '70121'),
(11919593684, 'Via', 'Melo da Bari', '71', '70121'),
(11919593685, 'Via', 'Melo da Bari', '73', '70121'),
(11919593686, 'Via', 'Melo da Bari', '75', '70121'),
(11919593687, 'Via', 'Melo da Bari', '79', '70121'),
(11919593688, 'Via', 'Melo da Bari', '81', '70121'),
(11919593689, 'Via', 'Melo da Bari', '83', '70121'),
(11919593690, 'Via', 'Melo da Bari', '85', '70121'),
(11919593691, 'Via', 'Melo da Bari', '87', '70121'),
(11920201598, 'Via', 'Melo da Bari', '92', '70121'),
(11920201599, 'Via', 'Melo da Bari', '96', '70121'),
(11920201600, 'Via', 'Melo da Bari', '94', '70121'),
(11920201601, 'Via', 'Melo da Bari', '84', '70121'),
(11920201602, 'Via', 'Melo da Bari', '84A', '70121'),
(11920201603, 'Via', 'Melo da Bari', '86', '70121'),
(11920201604, 'Via', 'Melo da Bari', '88', '70121'),
(11920201605, 'Via', 'Melo da Bari', '88A', '70121'),
(11920201606, 'Via', 'Melo da Bari', '90', '70121'),
(11920201607, 'Via', 'Melo da Bari', '94A', '70121'),
(11920201608, 'Via', 'Melo da Bari', '96BIS', '70121'),
(11920201609, 'Via', 'Melo da Bari', '98', '70121'),
(11920201610, 'Via', 'Melo da Bari', '100', '70121'),
(11920201611, 'Via', 'Melo da Bari', '102', '70121'),
(11920201612, 'Via', 'Melo da Bari', '104', '70121'),
(11920201613, 'Via', 'Melo da Bari', '106', '70121'),
(11920227139, 'Via', 'Melo da Bari', '109', '70121'),
(11920227140, 'Via', 'Melo da Bari', '107', '70121'),
(11920227141, 'Via', 'Melo da Bari', '89', '70121'),
(11920227142, 'Via', 'Melo da Bari', '91', '70121'),
(11920227143, 'Via', 'Melo da Bari', '91A', '70121'),
(11920227144, 'Via', 'Melo da Bari', '91B', '70121'),
(11920227145, 'Via', 'Melo da Bari', '91C', '70121'),
(11920227146, 'Via', 'Melo da Bari', '91D', '70121'),
(11920227147, 'Via', 'Melo da Bari', '93', '70121'),
(11920227148, 'Via', 'Melo da Bari', '95', '70121'),
(11920227149, 'Via', 'Melo da Bari', '99', '70121'),
(11921930012, 'Via', 'Melo da Bari', '111', '70121'),
(11921930013, 'Via', 'Melo da Bari', '113', '70121'),
(11921930014, 'Via', 'Melo da Bari', '115', '70121'),
(11921930015, 'Via', 'Melo da Bari', '117', '70121'),
(11921930016, 'Via', 'Melo da Bari', '121', '70121'),
(11921930017, 'Via', 'Melo da Bari', '123', '70121'),
(11921930018, 'Via', 'Melo da Bari', '125', '70121'),
(11921930019, 'Via', 'Melo da Bari', '127', '70121'),
(11921930020, 'Via', 'Melo da Bari', '129', '70121'),
(11921930021, 'Via', 'Melo da Bari', '131', '70121'),
(11921930022, 'Via', 'Melo da Bari', '131A', '70121'),
(11921930023, 'Via', 'Melo da Bari', '131B', '70121'),
(11922004430, 'Via', 'Melo da Bari', '101', '70121'),
(11922004431, 'Via', 'Melo da Bari', '103', '70121'),
(11922004432, 'Via', 'Melo da Bari', '105', '70121'),
(11922072589, 'Via', 'Melo da Bari', '108', '70121'),
(11922072590, 'Via', 'Melo da Bari', '110', '70121'),
(11922072591, 'Via', 'Melo da Bari', '112', '70121'),
(11922072592, 'Via', 'Melo da Bari', '114', '70121'),
(11922072593, 'Via', 'Melo da Bari', '116A', '70121'),
(11923550431, 'Via', 'Melo da Bari', '122A', '70121'),
(11923550432, 'Via', 'Melo da Bari', '118B', '70121'),
(11923550433, 'Via', 'Melo da Bari', '118', '70121'),
(11923550434, 'Via', 'Melo da Bari', '118A', '70121'),
(11923550435, 'Via', 'Melo da Bari', '120', '70121'),
(11923550436, 'Via', 'Melo da Bari', '124', '70121'),
(11923550437, 'Via', 'Melo da Bari', '122', '70121'),
(11926625589, 'Via', 'Melo da Bari', '135', '70121'),
(11926625590, 'Via', 'Melo da Bari', '139', '70121'),
(11926625591, 'Via', 'Melo da Bari', '143', '70121'),
(11926625592, 'Via', 'Melo da Bari', '149', '70121'),
(11926625593, 'Via', 'Melo da Bari', '140', '70121'),
(11926625594, 'Via', 'Melo da Bari', '146', '70121'),
(11926625595, 'Via', 'Melo da Bari', '152', '70121'),
(11928108908, 'Via', 'Nicola de Giosa', '42', '70121'),
(11928156103, 'Via', 'Melo da Bari', '133', '70121'),
(11928156104, 'Via', 'Melo da Bari', '137', '70121'),
(11928156105, 'Via', 'Melo da Bari', '141', '70121'),
(11928156106, 'Via', 'Melo da Bari', '143A', '70121'),
(11928156107, 'Via', 'Melo da Bari', '145', '70121'),
(11928156108, 'Via', 'Melo da Bari', '145A', '70121'),
(11928156109, 'Via', 'Melo da Bari', '147', '70121'),
(11928156110, 'Via', 'Melo da Bari', '151', '70121'),
(11928156111, 'Via', 'Melo da Bari', '153', '70121'),
(11928156112, 'Via', 'Melo da Bari', '142', '70121'),
(11928156113, 'Via', 'Melo da Bari', '144', '70121'),
(11928156114, 'Via', 'Melo da Bari', '148', '70121'),
(11928156115, 'Via', 'Melo da Bari', '150', '70121'),
(11928156116, 'Via', 'Melo da Bari', '154', '70121'),
(11928156117, 'Via', 'Melo da Bari', '128', '70121'),
(11928156118, 'Via', 'Melo da Bari', '130', '70121'),
(11928156119, 'Via', 'Melo da Bari', '132', '70121'),
(11928156120, 'Via', 'Melo da Bari', '134', '70121'),
(11928156121, 'Via', 'Melo da Bari', '136', '70121'),
(11928156122, 'Via', 'Melo da Bari', '138', '70121'),
(11931228606, 'Via', 'Ascianghi', '2B', '70132'),
(11931228607, 'Via', 'Ascianghi', '2A', '70132'),
(11931258817, 'Via', 'Melo da Bari', '158', '70121'),
(11931258818, 'Via', 'Melo da Bari', '156', '70121'),
(11931258819, 'Via', 'Melo da Bari', '156A', '70121'),
(11931258820, 'Via', 'Melo da Bari', '158A', '70121'),
(11931258821, 'Via', 'Melo da Bari', '160', '70121'),
(11931258822, 'Via', 'Melo da Bari', '168', '70121'),
(11933220824, 'Via', 'Melo da Bari', '170', '70121'),
(11933220825, 'Via', 'Melo da Bari', '172', '70121'),
(11933220826, 'Via', 'Melo da Bari', '172A', '70121'),
(11933220827, 'Via', 'Melo da Bari', '174', '70121'),
(11933220828, 'Via', 'Melo da Bari', '176', '70121'),
(11933220829, 'Via', 'Melo da Bari', '178', '70121'),
(11933220830, 'Via', 'Melo da Bari', '166', '70121'),
(11933220831, 'Via', 'Melo da Bari', '164', '70121'),
(11933220832, 'Via', 'Melo da Bari', '162', '70121'),
(11933266857, 'Via', 'Melo da Bari', '155', '70121'),
(11933266858, 'Via', 'Melo da Bari', '159', '70121'),
(11933266859, 'Via', 'Melo da Bari', '157', '70121'),
(11933266860, 'Via', 'Melo da Bari', '161', '70121'),
(11933266861, 'Via', 'Melo da Bari', '161A', '70121'),
(11933266862, 'Via', 'Melo da Bari', '163', '70121'),
(11933266863, 'Via', 'Melo da Bari', '165', '70121'),
(11933266864, 'Via', 'Melo da Bari', '165A', '70121'),
(11933266865, 'Via', 'Melo da Bari', '167', '70121'),
(11933266866, 'Via', 'Melo da Bari', '169', '70121'),
(11933266867, 'Via', 'Melo da Bari', '171', '70121'),
(11933266868, 'Via', 'Melo da Bari', '173', '70121'),
(11933276969, 'Via', 'Melo da Bari', '175', '70121'),
(11933276970, 'Via', 'Melo da Bari', '177', '70121'),
(11933276971, 'Via', 'Melo da Bari', '179', '70121'),
(11933328409, 'Via', 'Giuseppe Forges Davanzati', '24', '70121'),
(11933328410, 'Via', 'Giuseppe Forges Davanzati', '26', '70121'),
(11933328411, 'Via', 'Giuseppe Forges Davanzati', '28', '70121'),
(11933328412, 'Via', 'Giuseppe Forges Davanzati', '28a', '70121'),
(11933328413, 'Via', 'Melo da Bari', '181', '70121'),
(11933328414, 'Via', 'Melo da Bari', '181A', '70121'),
(11933328415, 'Via', 'Melo da Bari', '183', '70121'),
(11933328416, 'Via', 'Melo da Bari', '185', '70121'),
(11933328417, 'Via', 'Melo da Bari', '187', '70121'),
(11933328418, 'Via', 'Melo da Bari', '187A', '70121'),
(11933328419, 'Via', 'Melo da Bari', '189', '70121'),
(11934642522, 'Via', 'Melo da Bari', '195', '70121'),
(11934642523, 'Via', 'Melo da Bari', '205', '70121'),
(11934642524, 'Via', 'Melo da Bari', '191', '70121'),
(11934642525, 'Via', 'Melo da Bari', '193', '70121'),
(11934642526, 'Via', 'Melo da Bari', '195A', '70121'),
(11934642527, 'Via', 'Melo da Bari', '197', '70121'),
(11934642528, 'Via', 'Melo da Bari', '197A', '70121'),
(11934642529, 'Via', 'Melo da Bari', '199', '70121'),
(11934642530, 'Via', 'Melo da Bari', '203', '70121'),
(11934642531, 'Via', 'Melo da Bari', '207', '70121'),
(11934642532, 'Via', 'Melo da Bari', '207A', '70121'),
(11934642533, 'Via', 'Melo da Bari', '207B', '70121'),
(11934686790, 'Via', 'Melo da Bari', '182', '70121'),
(11934686791, 'Via', 'Melo da Bari', '182A', '70121'),
(11934686792, 'Via', 'Melo da Bari', '184', '70121'),
(11934686793, 'Via', 'Melo da Bari', '186A', '70121'),
(11934686794, 'Via', 'Melo da Bari', '186', '70121'),
(11934686795, 'Via', 'Melo da Bari', '188', '70121'),
(11934686796, 'Via', 'Melo da Bari', '190', '70121'),
(11934686797, 'Via', 'Melo da Bari', '190A', '70121'),
(11934686798, 'Via', 'Melo da Bari', '190B', '70121'),
(11934686799, 'Via', 'Melo da Bari', '192', '70121'),
(11934686800, 'Via', 'Melo da Bari', '194', '70121'),
(11934686801, 'Via', 'Melo da Bari', '196', '70121'),
(11934686802, 'Via', 'Melo da Bari', '198', '70121'),
(11934686803, 'Via', 'Melo da Bari', '200', '70121'),
(11934686804, 'Via', 'Melo da Bari', '202', '70121'),
(11934686805, 'Via', 'Melo da Bari', '204', '70121'),
(11934945275, 'Via', 'Melo da Bari', '222', '70121'),
(11934945276, 'Via', 'Melo da Bari', '218', '70121'),
(11935371972, 'Via', 'Melo da Bari', '230', '70121'),
(11935371973, 'Via', 'Melo da Bari', '214', '70121'),
(11935371974, 'Via', 'Melo da Bari', '208', '70121'),
(11935371975, 'Via', 'Melo da Bari', '212', '70121'),
(11935371976, 'Via', 'Melo da Bari', '216', '70121'),
(11935371977, 'Via', 'Melo da Bari', '220', '70121'),
(11935371978, 'Via', 'Melo da Bari', '224', '70121'),
(11935371979, 'Via', 'Melo da Bari', '226', '70121'),
(11935371980, 'Via', 'Melo da Bari', '226A', '70121'),
(11935371981, 'Via', 'Melo da Bari', '228', '70121'),
(11935442961, 'Via', 'Melo da Bari', '223', '70121'),
(11935442962, 'Via', 'Melo da Bari', '229', '70121'),
(11935442963, 'Via', 'Melo da Bari', '237', '70121'),
(11935442964, 'Via', 'Melo da Bari', '263', '70121'),
(11935449918, 'Via', 'Melo da Bari', '244', '70121'),
(11935449919, 'Via', 'Melo da Bari', '250', '70121'),
(11935449920, 'Via', 'Melo da Bari', '252', '70121'),
(11936936528, 'Via', 'Melo da Bari', '211', '70121'),
(11936936529, 'Via', 'Melo da Bari', '213', '70121'),
(11936936530, 'Via', 'Melo da Bari', '217', '70121'),
(11936936531, 'Via', 'Melo da Bari', '219', '70121'),
(11936936532, 'Via', 'Melo da Bari', '221', '70121'),
(11936936533, 'Via', 'Melo da Bari', '225', '70121'),
(11936936534, 'Via', 'Melo da Bari', '227', '70121'),
(11936936535, 'Via', 'Melo da Bari', '227A', '70121'),
(11936936536, 'Via', 'Melo da Bari', '231', '70121'),
(11936936537, 'Via', 'Melo da Bari', '235', '70121'),
(11936936538, 'Via', 'Melo da Bari', '239', '70121'),
(11936936539, 'Via', 'Melo da Bari', '243', '70121'),
(11936936540, 'Via', 'Melo da Bari', '245', '70121'),
(11936936541, 'Via', 'Melo da Bari', '247', '70121'),
(11936936542, 'Via', 'Melo da Bari', '249', '70121'),
(11936936543, 'Via', 'Melo da Bari', '251', '70121'),
(11936936544, 'Via', 'Melo da Bari', '253', '70121'),
(11936936545, 'Via', 'Melo da Bari', '255', '70121'),
(11936936546, 'Via', 'Melo da Bari', '257', '70121'),
(11936936547, 'Via', 'Melo da Bari', '259', '70121'),
(11936936548, 'Via', 'Melo da Bari', '261', '70121'),
(11937968167, 'Via', 'Nicolò Dell\'Arca', '2A', '70121'),
(11937968168, 'Via', 'Nicolò Dell\'Arca', '4', '70121'),
(11937978607, 'Via', 'Nicolò Dell\'Arca', '2', '70121'),
(11937978608, 'Viale', 'Papa Pio Dodicesimo', '1', '70124'),
(11937978609, 'Viale', 'Papa Pio Dodicesimo', '1B', '70124'),
(11938024169, 'Via', 'Nicolò Dell\'Arca', '6', '70121'),
(11938024170, 'Via', 'Nicolò Dell\'Arca', '8', '70121'),
(11938024171, 'Via', 'Nicolò Dell\'Arca', '8A', '70121'),
(11938024172, 'Via', 'Nicolò Dell\'Arca', '10', '70121'),
(11938024173, 'Via', 'Nicolò Dell\'Arca', '12', '70121'),
(11938024174, 'Via', 'Nicolò Dell\'Arca', '14', '70121'),
(11938024175, 'Via', 'Nicolò Dell\'Arca', '16', '70121'),
(11938024176, 'Via', 'Nicolò Dell\'Arca', '18', '70121'),
(11938024177, 'Via', 'Nicolò Dell\'Arca', '20', '70121'),
(11938024178, 'Via', 'Nicolò Dell\'Arca', '22', '70121'),
(11938024179, 'Via', 'Nicolò Dell\'Arca', '22A', '70121'),
(11938028281, 'Piazza', 'Aldo Moro', '39', '70122'),
(11938028282, 'Piazza', 'Aldo Moro', '40', '70122'),
(11938028283, 'Piazza', 'Aldo Moro', '41', '70122'),
(11938028284, 'Piazza', 'Aldo Moro', '42', '70122'),
(11938990671, 'Via', 'Nicolò Dell\'Arca', '1', '70121'),
(11938990672, 'Via', 'Nicolò Dell\'Arca', '3', '70121'),
(11938990673, 'Via', 'Nicolò Dell\'Arca', '3A', '70121'),
(11938990674, 'Via', 'Nicolò Dell\'Arca', '5', '70121'),
(11938990675, 'Via', 'Nicolò Dell\'Arca', '5A', '70121'),
(11938990676, 'Via', 'Nicolò Dell\'Arca', '7', '70121'),
(11938990677, 'Via', 'Nicolò Dell\'Arca', '9', '70121'),
(11938990678, 'Via', 'Nicolò Dell\'Arca', '9A', '70121'),
(11939421434, 'Via', 'Nicolò Dell\'Arca', '11', '70121'),
(11939421435, 'Via', 'Nicolò Dell\'Arca', '13', '70121'),
(11939421436, 'Via', 'Nicolò Dell\'Arca', '15', '70121'),
(11939421437, 'Via', 'Nicolò Dell\'Arca', '17', '70121'),
(11939421438, 'Via', 'Nicolò Dell\'Arca', '21', '70121'),
(11939421439, 'Via', 'Nicolò Dell\'Arca', '23', '70121'),
(11939421440, 'Via', 'Nicolò Dell\'Arca', '25', '70121'),
(11939468900, 'Piazza', 'Aldo Moro', '4', '70122'),
(11939468901, 'Piazza', 'Aldo Moro', '5', '70122'),
(11939468902, 'Piazza', 'Aldo Moro', '6', '70122'),
(11939468903, 'Piazza', 'Aldo Moro', '7', '70122'),
(11939468904, 'Piazza', 'Aldo Moro', '8', '70122'),
(11939468905, 'Piazza', 'Aldo Moro', '9', '70122'),
(11939468906, 'Piazza', 'Aldo Moro', '9A', '70122'),
(11939468907, 'Piazza', 'Aldo Moro', '9B', '70122'),
(11939594610, 'Piazza', 'Aldo Moro', '54', '70122'),
(11939594611, 'Piazza', 'Aldo Moro', '55', '70122'),
(11939594612, 'Piazza', 'Aldo Moro', '56', '70122'),
(11939594613, 'Piazza', 'Aldo Moro', '57', '70122'),
(11939594614, 'Piazza', 'Aldo Moro', '58', '70122'),
(11939594615, 'Piazza', 'Aldo Moro', '59', '70122'),
(11939594616, 'Piazza', 'Aldo Moro', '60', '70122'),
(11939594617, 'Piazza', 'Aldo Moro', '61', '70122'),
(11939594618, 'Piazza', 'Aldo Moro', '62', '70122'),
(11939594619, 'Via', 'Raffaele de Cesare', '21', '70122'),
(11939594620, 'Via', 'Raffaele de Cesare', '23', '70122'),
(11939594621, 'Via', 'Raffaele de Cesare', '25', '70122'),
(11939594622, 'Via', 'Raffaele de Cesare', '27', '70122'),
(11939716506, 'Piazza', 'Aldo Moro', '51', '70122'),
(11939716507, 'Piazza', 'Aldo Moro', '52', '70122'),
(11942671274, 'Piazza', 'Aldo Moro', '26', '70122'),
(11942671275, 'Piazza', 'Aldo Moro', '27', '70122'),
(11942671276, 'Piazza', 'Aldo Moro', '28', '70122'),
(11942671277, 'Piazza', 'Aldo Moro', '29', '70122'),
(11942671278, 'Piazza', 'Aldo Moro', '30', '70122'),
(11942671279, 'Piazza', 'Aldo Moro', '31', '70122'),
(11942671280, 'Piazza', 'Aldo Moro', '32', '70122'),
(11942671281, 'Piazza', 'Aldo Moro', '32A', '70122'),
(11942671282, 'Piazza', 'Aldo Moro', '32B', '70122'),
(11942671283, 'Piazza', 'Aldo Moro', '32C', '70122'),
(11942671284, 'Piazza', 'Aldo Moro', '32D', '70122'),
(11942671285, 'Piazza', 'Aldo Moro', '33', '70122'),
(11942671286, 'Piazza', 'Aldo Moro', '33A', '70122'),
(11942671287, 'Piazza', 'Aldo Moro', '33B', '70122'),
(11942671288, 'Piazza', 'Aldo Moro', '33C', '70122'),
(11942671289, 'Piazza', 'Aldo Moro', '33D', '70122'),
(11942671290, 'Piazza', 'Aldo Moro', '34', '70122'),
(11942671291, 'Piazza', 'Aldo Moro', '35', '70122'),
(11942671292, 'Piazza', 'Aldo Moro', '36', '70122'),
(11942671293, 'Piazza', 'Aldo Moro', '37', '70122'),
(11942671294, 'Piazza', 'Aldo Moro', '38', '70122'),
(11942703073, 'Piazza', 'Aldo Moro', '25B', '70122'),
(11942703074, 'Piazza', 'Aldo Moro', '25A', '70122'),
(11942703075, 'Piazza', 'Aldo Moro', '24A', '70122'),
(11942703076, 'Piazza', 'Aldo Moro', '22', '70122'),
(11942703077, 'Piazza', 'Aldo Moro', '23', '70122'),
(11942703078, 'Piazza', 'Aldo Moro', '23A', '70122'),
(11947611828, 'Corso', 'Italia', '1', '70123'),
(11947611829, 'Corso', 'Italia', '1A', '70123'),
(11947611830, 'Corso', 'Italia', '1B', '70123'),
(11947611831, 'Corso', 'Italia', '5', '70123'),
(11947611832, 'Corso', 'Italia', '7', '70123'),
(11947611833, 'Corso', 'Italia', '9', '70123'),
(11947611834, 'Corso', 'Italia', '11', '70123'),
(11947611835, 'Corso', 'Italia', '13', '70123'),
(11947611836, 'Corso', 'Italia', '15', '70123'),
(11947611837, 'Corso', 'Italia', '21', '70123'),
(11947611838, 'Corso', 'Italia', '19E', '70123'),
(11947611839, 'Corso', 'Italia', '19C', '70123'),
(11947611840, 'Corso', 'Italia', '19B', '70123'),
(11947611841, 'Corso', 'Italia', '15F', '70123'),
(11947611842, 'Corso', 'Italia', '15E', '70123'),
(11947611843, 'Corso', 'Italia', '15D', '70123'),
(11947611844, 'Corso', 'Italia', '15C', '70123'),
(11947611845, 'Corso', 'Italia', '15B', '70123'),
(11947611846, 'Corso', 'Italia', '15A', '70123'),
(11948315682, 'Corso', 'Cavour', '26A', '70121'),
(11948315683, 'Corso', 'Cavour', '34A', '70121'),
(11948828037, 'Corso', 'Cavour', '23A', '70122'),
(11948828038, 'Corso', 'Cavour', '41A', '70122'),
(11948828039, 'Corso', 'Cavour', '53', '70121'),
(11948828040, 'Corso', 'Cavour', '49A', '70121'),
(11948828041, 'Corso', 'Cavour', '55A', '70121'),
(11949518558, 'Corso', 'Cavour', '93A', '70121'),
(11949518559, 'Corso', 'Cavour', '95A', '70121'),
(11949818258, 'Corso', 'Cavour', '115', '70121'),
(11949818259, 'Corso', 'Cavour', '115A', '70121'),
(11949818265, 'Corso', 'Cavour', '131A', '70121'),
(11949958688, 'Corso', 'Cavour', '193A', '70121'),
(11950373970, 'Via', 'Principe Amedeo', '123A', '70122'),
(11954291324, 'Via', 'Abate Giacinto Gimma', '254A', '70122'),
(11955838779, 'Corso', 'Cavour', '110', '70121'),
(11955838780, 'Corso', 'Cavour', '118A', '70121'),
(11955838781, 'Corso', 'Cavour', '128A', '70121'),
(11955838782, 'Corso', 'Cavour', '128B', '70121'),
(11956156871, 'Via', 'Gian Giuseppe Carulli', '1A', '70121'),
(11956156872, 'Via', 'Gian Giuseppe Carulli', '3', '70121'),
(11956156873, 'Via', 'Gian Giuseppe Carulli', '3A', '70121'),
(11956156874, 'Via', 'Gian Giuseppe Carulli', '5', '70121'),
(11956156875, 'Via', 'Gian Giuseppe Carulli', '7', '70121'),
(11956156876, 'Via', 'Gian Giuseppe Carulli', '9', '70121'),
(11956156889, 'Corso', 'Cavour', '154A', '70121'),
(11962426922, 'Corso', 'Cavour', '76', '70121'),
(11966095447, 'Via', 'della Resistenza', '48', '70125'),
(11966095448, 'Via', 'Giuseppe Pavoncelli', '73', '70125'),
(11969004086, 'Via', 'Marchese di Montrone', '86', '70100'),
(11969004087, 'Via', 'Marchese di Montrone', '88', '70122'),
(11969004088, 'Via', 'Marchese di Montrone', '82', '70122'),
(11969004089, 'Via', 'Marchese di Montrone', '84', '70122'),
(11971990836, 'Via', 'Salvatore Cognetti', '13', '70121'),
(11971990837, 'Via', 'Salvatore Cognetti', '15', '70121'),
(11971990838, 'Via', 'Salvatore Cognetti', '17', '70121'),
(11971990839, 'Via', 'Salvatore Cognetti', '21', '70121'),
(11971990840, 'Via', 'Salvatore Cognetti', '23', '70121'),
(11971990841, 'Via', 'Nicola de Giosa', '29', '70121'),
(11971990842, 'Via', 'Salvatore Cognetti', '27', '70121'),
(11971990843, 'Via', 'Salvatore Cognetti', '1', '70121'),
(11971990844, 'Via', 'Salvatore Cognetti', '3', '70121'),
(11971990845, 'Via', 'Salvatore Cognetti', '5', '70121'),
(11971990846, 'Via', 'Salvatore Cognetti', '7', '70121'),
(11971990847, 'Via', 'Salvatore Cognetti', '9', '70121'),
(11972056285, 'Via', 'Salvatore Cognetti', '31', '70121'),
(11972056286, 'Via', 'Salvatore Cognetti', '33', '70121'),
(11975270949, 'Via', 'Venezia', '32', '70122'),
(11975270950, 'Via', 'Francesco Crispi', '62', '70123'),
(11975270951, 'Piazza', 'Aldo Moro', '16', '70122'),
(11975303816, 'Corso', 'Vittorio Emanuele Secondo', '58', '70122'),
(11975303817, 'Corso', 'Vittorio Emanuele Secondo', '58A', '70122'),
(11975303818, 'Corso', 'Vittorio Emanuele Secondo', '60', '70122'),
(11975303819, 'Corso', 'Vittorio Emanuele Secondo', '66', '70122'),
(11975303820, 'Corso', 'Vittorio Emanuele Secondo', '68', '70122'),
(11975303821, 'Corso', 'Vittorio Emanuele Secondo', '72', '70122'),
(11975914695, 'Via', 'Nicolò Putignani', '27', '70121'),
(11975914696, 'Piazza', 'Giuseppe Garibaldi', '27', '70122'),
(11975914697, 'Via', 'Vito Nicola de Nicolò', '7', '70121'),
(11975914698, 'Via', 'Abate Giacinto Gimma', '59', '70121'),
(11975914699, 'Corso', 'Cavour', '160', '70121'),
(11978125384, 'Via', 'Giuseppe Fanelli', '269', '70125'),
(11978840508, 'Corso', 'Vittorio Emanuele Secondo', '74', '70122'),
(11978840509, 'Corso', 'Vittorio Emanuele Secondo', '76', '70122'),
(11978840510, 'Corso', 'Vittorio Emanuele Secondo', '78', '70122'),
(11978840511, 'Corso', 'Vittorio Emanuele Secondo', '82', '70122'),
(11978929624, 'Corso', 'Vittorio Emanuele Secondo', '84', '70122'),
(11978929625, 'Corso', 'Vittorio Emanuele Secondo', '84A', '70122'),
(11978935904, 'Via', 'Cardassi', '26', '70121'),
(11980614541, 'Corso', 'Vittorio Emanuele Secondo', '86', '70122'),
(11980614542, 'Corso', 'Vittorio Emanuele Secondo', '88', '70122'),
(11980614543, 'Corso', 'Vittorio Emanuele Secondo', '90', '70122'),
(11980614544, 'Corso', 'Vittorio Emanuele Secondo', '94', '70122'),
(11980696576, 'Corso', 'Vittorio Emanuele Secondo', '96', '70122'),
(11980696577, 'Corso', 'Vittorio Emanuele Secondo', '98', '70122'),
(11980696578, 'Corso', 'Vittorio Emanuele Secondo', '102A', '70122'),
(11980696579, 'Corso', 'Vittorio Emanuele Secondo', '102', '70122'),
(11980696580, 'Corso', 'Vittorio Emanuele Secondo', '104', '70122'),
(11980696581, 'Corso', 'Vittorio Emanuele Secondo', '106', '70122'),
(11980696582, 'Corso', 'Vittorio Emanuele Secondo', '108', '70122'),
(11980696583, 'Corso', 'Vittorio Emanuele Secondo', '110', '70122'),
(11980696584, 'Corso', 'Vittorio Emanuele Secondo', '112', '70122'),
(11980696585, 'Corso', 'Vittorio Emanuele Secondo', '114', '70122'),
(11980696586, 'Corso', 'Vittorio Emanuele Secondo', '116', '70122'),
(11980696587, 'Corso', 'Vittorio Emanuele Secondo', '118', '70122'),
(11980696588, 'Corso', 'Vittorio Emanuele Secondo', '120', '70122'),
(11980820636, 'Corso', 'Vittorio Emanuele Secondo', '124', '70122'),
(11980820637, 'Corso', 'Vittorio Emanuele Secondo', '126', '70122'),
(11980820638, 'Corso', 'Vittorio Emanuele Secondo', '128', '70122'),
(11980820639, 'Corso', 'Vittorio Emanuele Secondo', '130', '70122'),
(11980820640, 'Corso', 'Vittorio Emanuele Secondo', '132', '70122'),
(11980820641, 'Corso', 'Vittorio Emanuele Secondo', '136', '70122'),
(11981150239, 'Corso', 'Vittorio Emanuele Secondo', '144', '70122'),
(11981150240, 'Corso', 'Vittorio Emanuele Secondo', '140', '70122'),
(11981150241, 'Corso', 'Vittorio Emanuele Secondo', '142', '70122'),
(11981150242, 'Corso', 'Vittorio Emanuele Secondo', '148', '70122'),
(11981150243, 'Corso', 'Vittorio Emanuele Secondo', '150', '70122'),
(11981150244, 'Corso', 'Vittorio Emanuele Secondo', '150A', '70122'),
(11981227985, 'Largo', 'Nicola Nitti Valentini', '3', '70122'),
(11981260323, 'Via', 'de Rossi', '195', '70122'),
(11981260930, 'Via', 'Domenico Nicolai', '21', '70122'),
(11981384559, 'Via', 'Dante Alighieri', '71', '70121'),
(11981411939, 'Via', 'Giuseppe Bozzi', '37', '70121'),
(11981488906, 'Via', 'Nicolò Putignani', '141', '70122'),
(11982611617, 'Via', 'Dante Alighieri', '166', '70122'),
(11982625546, 'Corso', 'Vittorio Emanuele Secondo', '179', '70122'),
(11982649241, 'Viale', 'Quinto Ennio', '2I', '70124'),
(11982675910, 'Via', 'Abate Giacinto Gimma', '189', '70122'),
(11982680692, 'Via', 'Beata Elia di San Clemente', '225', '70122'),
(11982690046, 'Via', 'Andrea da Bari', '128', '70121'),
(11985138942, 'Piazza', 'Luigi di Savoia', '5', '70121'),
(11985166553, 'Via', 'Beata Elia di San Clemente', '225', '70122'),
(11985202811, 'Piazza', 'Giuseppe Garibaldi', '58', '70122'),
(11985229971, 'Via', 'Gian Giuseppe Carulli', '61', '70121'),
(11985696812, 'Corso', 'Vittorio Emanuele Secondo', '152', '70123'),
(11985696813, 'Corso', 'Vittorio Emanuele Secondo', '154', '70123'),
(11985696814, 'Corso', 'Vittorio Emanuele Secondo', '156', '70123'),
(11985696815, 'Corso', 'Vittorio Emanuele Secondo', '156A', '70123'),
(11985696816, 'Corso', 'Vittorio Emanuele Secondo', '160', '70123'),
(11985696817, 'Corso', 'Vittorio Emanuele Secondo', '162', '70123'),
(11985696818, 'Corso', 'Vittorio Emanuele Secondo', '164', '70123'),
(11985696819, 'Corso', 'Vittorio Emanuele Secondo', '166', '70123');
INSERT INTO `indirizzi` (`id_indirizzo`, `tipo_indirizzo`, `nome_indirizzo`, `civico`, `CAP`) VALUES
(11985696820, 'Corso', 'Vittorio Emanuele Secondo', '168', '70123'),
(11985696821, 'Corso', 'Vittorio Emanuele Secondo', '170', '70123'),
(11985696822, 'Corso', 'Vittorio Emanuele Secondo', '172', '70123'),
(11985696823, 'Corso', 'Vittorio Emanuele Secondo', '174', '70123'),
(11985696824, 'Corso', 'Vittorio Emanuele Secondo', '176', '70123'),
(11985696825, 'Corso', 'Vittorio Emanuele Secondo', '178', '70123'),
(11985696826, 'Corso', 'Vittorio Emanuele Secondo', '180', '70123'),
(11985696827, 'Corso', 'Vittorio Emanuele Secondo', '182', '70123'),
(11987158243, 'Strada', 'San Benedetto', '12', '70122'),
(11987869639, 'Via', 'Andrea da Bari', '1', '70122'),
(11987869640, 'Via', 'Andrea da Bari', '3', '70122'),
(11987869641, 'Via', 'Andrea da Bari', '5', '70122'),
(11987869642, 'Via', 'Andrea da Bari', '7', '70122'),
(11987869643, 'Via', 'Andrea da Bari', '11', '70122'),
(11987869644, 'Via', 'Andrea da Bari', '13', '70122'),
(11987869645, 'Via', 'Andrea da Bari', '15', '70122'),
(11987869646, 'Via', 'Andrea da Bari', '17', '70122'),
(11987869647, 'Via', 'Andrea da Bari', '19', '70122'),
(11987947103, 'Piazza', 'Mercantile', '2', '70122'),
(11987947104, 'Piazza', 'Mercantile', '1', '70122'),
(11990630952, 'Corso', 'Vittorio Emanuele Secondo', '52', '70122'),
(11990630953, 'Corso', 'Vittorio Emanuele Secondo', '54', '70122'),
(11990630954, 'Corso', 'Vittorio Emanuele Secondo', '56', '70122'),
(11990630955, 'Corso', 'Vittorio Emanuele Secondo', '50', '70122'),
(11990630956, 'Corso', 'Vittorio Emanuele Secondo', '48', '70122'),
(11990630957, 'Corso', 'Vittorio Emanuele Secondo', '46', '70122'),
(11990630958, 'Corso', 'Vittorio Emanuele Secondo', '42', '70122'),
(11990630959, 'Corso', 'Vittorio Emanuele Secondo', '40', '70122'),
(11990630960, 'Corso', 'Vittorio Emanuele Secondo', '38', '70122'),
(11990630961, 'Corso', 'Vittorio Emanuele Secondo', '36', '70122'),
(11990630962, 'Corso', 'Vittorio Emanuele Secondo', '34', '70122'),
(11990630963, 'Corso', 'Vittorio Emanuele Secondo', '34A', '70122'),
(11990630964, 'Corso', 'Vittorio Emanuele Secondo', '32A', '70122'),
(11990630965, 'Corso', 'Vittorio Emanuele Secondo', '32', '70122'),
(11990630966, 'Corso', 'Vittorio Emanuele Secondo', '30A', '70122'),
(11990630967, 'Corso', 'Vittorio Emanuele Secondo', '30', '70122'),
(11990630968, 'Corso', 'Vittorio Emanuele Secondo', '28A', '70122'),
(11990635969, 'Corso', 'Vittorio Emanuele Secondo', '28', '70122'),
(11990635970, 'Corso', 'Vittorio Emanuele Secondo', '26A', '70122'),
(11990635971, 'Corso', 'Vittorio Emanuele Secondo', '26', '70122'),
(11990635972, 'Corso', 'Vittorio Emanuele Secondo', '24', '70122'),
(11990635973, 'Corso', 'Vittorio Emanuele Secondo', '22A', '70122'),
(11990635974, 'Corso', 'Vittorio Emanuele Secondo', '22', '70122'),
(11990635975, 'Corso', 'Vittorio Emanuele Secondo', '20C', '70122'),
(11990635976, 'Corso', 'Vittorio Emanuele Secondo', '20B', '70122'),
(11990635977, 'Corso', 'Vittorio Emanuele Secondo', '20A', '70122'),
(11990635978, 'Corso', 'Vittorio Emanuele Secondo', '20', '70122'),
(11990635979, 'Corso', 'Vittorio Emanuele Secondo', '18', '70122'),
(11990635980, 'Corso', 'Vittorio Emanuele Secondo', '16', '70122'),
(11990635981, 'Corso', 'Vittorio Emanuele Secondo', '14', '70122'),
(11990635982, 'Corso', 'Vittorio Emanuele Secondo', '12', '70122'),
(11990635983, 'Corso', 'Vittorio Emanuele Secondo', '10', '70122'),
(11990635984, 'Corso', 'Vittorio Emanuele Secondo', '8', '70122'),
(11990635985, 'Corso', 'Vittorio Emanuele Secondo', '6', '70122'),
(11990635986, 'Corso', 'Vittorio Emanuele Secondo', '4', '70122'),
(11990635987, 'Corso', 'Vittorio Emanuele Secondo', '2', '70122'),
(11991805132, 'Via', 'Raffaele de Cesare', '19', '70122'),
(11991805133, 'Via', 'Raffaele de Cesare', '17', '70122'),
(11991805134, 'Via', 'Raffaele de Cesare', '15', '70122'),
(11991805135, 'Via', 'Raffaele de Cesare', '13', '70122'),
(11991805136, 'Via', 'Raffaele de Cesare', '11', '70122'),
(11991805137, 'Via', 'Raffaele de Cesare', '9', '70122'),
(11991805138, 'Via', 'Raffaele de Cesare', '3A', '70122'),
(11991805139, 'Via', 'Raffaele de Cesare', '7', '70122'),
(11991805140, 'Via', 'Raffaele de Cesare', '5', '70122'),
(11991805141, 'Via', 'Raffaele de Cesare', '3', '70122'),
(11991805142, 'Via', 'Raffaele de Cesare', '1A', '70122'),
(11991805143, 'Via', 'Raffaele de Cesare', '1', '70122'),
(11991805144, 'Via', 'Scipione Crisanzio', '4', '70122'),
(11991805145, 'Via', 'Scipione Crisanzio', '6', '70122'),
(11991805146, 'Via', 'Scipione Crisanzio', '8', '70122'),
(11991805147, 'Via', 'Scipione Crisanzio', '8A', '70122'),
(11991805148, 'Via', 'Scipione Crisanzio', '10', '70122'),
(12007202856, 'Via', 'Pier Paolo Pasolini', '3D', '70128'),
(12007255222, 'Corso', 'Vittorio Emanuele', '87D2', '70128'),
(12012156228, 'Via', 'Saverio Lioce', '57', '70124'),
(12012821528, 'Corso', 'Italia', '25', '70123'),
(12012821529, 'Corso', 'Italia', '25B', '70123'),
(12012821530, 'Corso', 'Italia', '25C', '70123'),
(12012821531, 'Corso', 'Italia', '33', '70123'),
(12012821532, 'Corso', 'Italia', '35', '70123'),
(12012821533, 'Corso', 'Italia', '37', '70123'),
(12012821534, 'Corso', 'Italia', '39', '70123'),
(12012821535, 'Corso', 'Italia', '41', '70123'),
(12012821536, 'Corso', 'Italia', '41A', '70123'),
(12012821537, 'Corso', 'Italia', '41B', '70123'),
(12012821538, 'Corso', 'Italia', '31', '70123'),
(12012821539, 'Corso', 'Italia', '29', '70123'),
(12012821540, 'Corso', 'Italia', '27', '70123'),
(12014700633, 'Piazza', 'Aldo Moro', '13A', '70122'),
(12014700634, 'Piazza', 'Aldo Moro', '14', '70122'),
(12014700636, 'Piazza', 'Aldo Moro', '18', '70122'),
(12014700637, 'Piazza', 'Aldo Moro', '18A', '70122'),
(12014700638, 'Piazza', 'Aldo Moro', '19', '70122'),
(12014700639, 'Piazza', 'Aldo Moro', '20', '70122'),
(12014700640, 'Piazza', 'Aldo Moro', '17', '70122'),
(12015263576, 'Via', 'Beata Elia di San Clemente', '232', '70122'),
(12015263577, 'Via', 'Beata Elia di San Clemente', '234', '70122'),
(12015263578, 'Via', 'Beata Elia di San Clemente', '236', '70122'),
(12015263579, 'Via', 'Beata Elia di San Clemente', '238', '70122'),
(12015263580, 'Via', 'Beata Elia di San Clemente', '226', '70122'),
(12015263581, 'Via', 'Beata Elia di San Clemente', '228', '70122'),
(12015263582, 'Via', 'Beata Elia di San Clemente', '224', '70122'),
(12015263583, 'Via', 'Beata Elia di San Clemente', '222', '70122'),
(12015263584, 'Via', 'Beata Elia di San Clemente', '220', '70122'),
(12015263585, 'Via', 'Beata Elia di San Clemente', '218', '70122'),
(12015263586, 'Via', 'Beata Elia di San Clemente', '216', '70122'),
(12015263587, 'Via', 'Beata Elia di San Clemente', '214', '70122'),
(12015263588, 'Via', 'Beata Elia di San Clemente', '212', '70122'),
(12017251397, 'Via', 'Raffaele de Cesare', '2', '70122'),
(12017251398, 'Via', 'Raffaele de Cesare', '4', '70122'),
(12017251399, 'Via', 'Raffaele de Cesare', '6', '70122'),
(12017251400, 'Via', 'Raffaele de Cesare', '8', '70122'),
(12017251401, 'Via', 'Raffaele de Cesare', '10', '70122'),
(12017251402, 'Via', 'Raffaele de Cesare', '12', '70122'),
(12017251403, 'Via', 'Raffaele de Cesare', '14', '70122'),
(12017251404, 'Via', 'Raffaele de Cesare', '16', '70122'),
(12017251405, 'Via', 'Raffaele de Cesare', '18', '70122'),
(12017251406, 'Via', 'Raffaele de Cesare', '18A', '70122'),
(12017251407, 'Via', 'Raffaele de Cesare', '20', '70122'),
(12017251408, 'Via', 'Raffaele de Cesare', '22', '70122'),
(12017251409, 'Via', 'Raffaele de Cesare', '24', '70122'),
(12017330376, 'Corso', 'Vittorio Emanuele Secondo', '129', '70122'),
(12017330377, 'Corso', 'Vittorio Emanuele Secondo', '131', '70122'),
(12017330378, 'Corso', 'Vittorio Emanuele Secondo', '133', '70122'),
(12017330379, 'Corso', 'Vittorio Emanuele Secondo', '137', '70122'),
(12017330380, 'Corso', 'Vittorio Emanuele Secondo', '139', '70122'),
(12017330381, 'Corso', 'Vittorio Emanuele Secondo', '139A', '70122'),
(12017330382, 'Corso', 'Vittorio Emanuele Secondo', '141', '70122'),
(12017330383, 'Corso', 'Vittorio Emanuele Secondo', '141A', '70122'),
(12017330384, 'Corso', 'Vittorio Emanuele Secondo', '143', '70122'),
(12017330385, 'Corso', 'Vittorio Emanuele Secondo', '145', '70122'),
(12017330386, 'Corso', 'Vittorio Emanuele Secondo', '145A', '70122'),
(12017330387, 'Corso', 'Vittorio Emanuele Secondo', '147', '70122'),
(12017330388, 'Corso', 'Vittorio Emanuele Secondo', '153', '70122'),
(12017330389, 'Corso', 'Vittorio Emanuele Secondo', '155', '70122'),
(12027970836, 'Via', 'Sagarriga Visconti', '44', '70122'),
(12028769991, 'Via', 'Niccolò Piccinni', '174', '70122'),
(12033131645, 'Via', 'Giovanni Amendola', '176', '70126'),
(12037541104, 'Via', 'Principe Amedeo', '121A', '70122'),
(12037541105, 'Via', 'Principe Amedeo', '123', '70122'),
(12037541106, 'Via', 'Principe Amedeo', '125', '70122'),
(12037541107, 'Via', 'Principe Amedeo', '125A', '70122'),
(12037541108, 'Via', 'Principe Amedeo', '125B', '70122'),
(12037541109, 'Via', 'Principe Amedeo', '125C', '70122'),
(12037761386, 'Via', 'Marchese di Montrone', '62', '70122'),
(12037761387, 'Via', 'Marchese di Montrone', '62A', '70122'),
(12041591544, 'Corso', 'Vittorio Emanuele Secondo', '157', '70122'),
(12041591545, 'Corso', 'Vittorio Emanuele Secondo', '161', '70122'),
(12041591546, 'Corso', 'Vittorio Emanuele Secondo', '163', '70122'),
(12041591547, 'Corso', 'Vittorio Emanuele Secondo', '165', '70122'),
(12041591548, 'Corso', 'Vittorio Emanuele Secondo', '167', '70122'),
(12041591549, 'Corso', 'Vittorio Emanuele Secondo', '167A', '70122'),
(12041598159, 'Corso', 'Vittorio Emanuele Secondo', '171', '70122'),
(12041598160, 'Corso', 'Vittorio Emanuele Secondo', '171A', '70122'),
(12041598161, 'Corso', 'Vittorio Emanuele Secondo', '173', '70122'),
(12041598162, 'Corso', 'Vittorio Emanuele Secondo', '175', '70122'),
(12041598163, 'Corso', 'Vittorio Emanuele Secondo', '177', '70122'),
(12041598164, 'Corso', 'Vittorio Emanuele Secondo', '181', '70122'),
(12042225586, 'Corso', 'Vittorio Emanuele Secondo', '183', '70123'),
(12042225587, 'Corso', 'Vittorio Emanuele Secondo', '187', '70123'),
(12042225588, 'Corso', 'Vittorio Emanuele Secondo', '193', '70123'),
(12042225589, 'Corso', 'Vittorio Emanuele Secondo', '189', '70123'),
(12042225590, 'Corso', 'Vittorio Emanuele Secondo', '191', '70123'),
(12042225591, 'Corso', 'Vittorio Emanuele Secondo', '195', '70123'),
(12042225592, 'Corso', 'Vittorio Emanuele Secondo', '197', '70123'),
(12042225593, 'Corso', 'Vittorio Emanuele Secondo', '199', '70123'),
(12042225594, 'Corso', 'Vittorio Emanuele Secondo', '203', '70123'),
(12042225595, 'Corso', 'Vittorio Emanuele Secondo', '205', '70123'),
(12042225596, 'Corso', 'Vittorio Emanuele Secondo', '207', '70123'),
(12042225597, 'Corso', 'Vittorio Emanuele Secondo', '209', '70123'),
(12047581936, 'Via', 'Cardinale Marcello Mimmi', '26', '70124'),
(12047777500, 'Via', 'Francesco Lombardi', '18', '70122'),
(12056000129, 'Via', 'Abate Giacinto Gimma', '87', '70122'),
(12057499882, 'Via', 'Alessandro Manzoni', '53', '70122'),
(12057499883, 'Via', 'Alessandro Manzoni', '55', '70122'),
(12057499884, 'Via', 'Alessandro Manzoni', '51', '70122'),
(12061546455, 'Largo', 'Domenico Renna', '3B', '70128'),
(12061612179, 'Largo', 'Domenico Renna', '10', '70128'),
(12061612180, 'Largo', 'Domenico Renna', '10A', '70128'),
(12061612181, 'Largo', 'Domenico Renna', '10B', '70128'),
(12061617228, 'Via', 'Vittorio Veneto', '36', '70128'),
(12075893398, 'Via', 'Dante Alighieri', '84', '70121'),
(12075893399, 'Via', 'Dante Alighieri', '86', '70121'),
(12078186354, 'Via', 'Domenico Nicolai', '75A', '70122'),
(12104624395, 'Via', 'Napoli in Santo Spirito', '90', '70127'),
(12104624396, 'Via', 'Napoli in Santo Spirito', '149', '70127'),
(12106926459, 'Via', 'Fiume in Santo Spirito', '19', '70127'),
(12106926460, 'Via', 'Napoli in Santo Spirito', '65', '70127'),
(12106926461, 'Via', 'Fiume in Santo Spirito', '66A', '70127'),
(12110823688, 'Via', 'Fiume in Santo Spirito', '22', '70127'),
(12110823690, 'Via', 'Napoli in Santo Spirito', '143', '70127'),
(12110823700, 'Via', 'Napoli in Santo Spirito', '187', '70127'),
(12111046001, 'Via', 'Napoli in Santo Spirito', '189', '70127'),
(12111046002, 'Via', 'Napoli in Santo Spirito', '191', '70127'),
(12111046003, 'Via', 'Napoli in Santo Spirito', '193', '70127'),
(12111046004, 'Via', 'Napoli in Santo Spirito', '195', '70127'),
(12111046010, 'Via', 'Napoli in Santo Spirito', '21D', '70127'),
(12111046011, 'Via', 'Napoli in Santo Spirito', '21F', '70127'),
(12112405907, 'Via', 'Napoli in Santo Spirito', '18', '70127'),
(12112405910, 'Via', 'Napoli in Santo Spirito', '79', '70127'),
(12112405911, 'Via', 'Napoli in Santo Spirito', '116', '70127'),
(12112405912, 'Via', 'Napoli in Santo Spirito', '114', '70127'),
(12112405913, 'Via', 'Napoli in Santo Spirito', '120', '70127'),
(12122897474, 'Via', 'Abate Giacinto Gimma', '148', '70121'),
(12124529304, 'Corso', 'Vittorio Emanuele Secondo', '95', '70120'),
(12137539333, 'Largo', 'Cristoforo Colombo', '22', '70127'),
(12148308215, 'Via', 'San Francesco d\'Assisi', '47', '70122'),
(12148308216, 'Via', 'San Francesco d\'Assisi', '43', '70122'),
(12148308217, 'Via', 'San Francesco d\'Assisi', '41', '70122'),
(12148308218, 'Via', 'San Francesco d\'Assisi', '39', '70122'),
(12148308219, 'Via', 'San Francesco d\'Assisi', '37', '70122'),
(12151475879, 'Via', 'Bitritto', '101', '70124'),
(12155566957, 'Via', 'Vittorio Veneto in Palese', '27B', '70128'),
(12159833501, 'Via', 'Gaetano Devitofrancesco', '11', '70124'),
(12165866749, 'Via', 'Giuseppe Fanelli', '281/1', '70125'),
(12165901733, 'Via', 'Giuseppe Fanelli', '285/4', '70125'),
(12183699759, 'Largo', 'Cristoforo Colombo', '20A', '70127'),
(12189095682, 'Strada', 'Rafraschieri', '8', '70126'),
(12208704335, 'Via', 'Prospero Petroni', '33', '70121'),
(12210691961, 'Via', 'Lucca', '10', '70127'),
(12210691962, 'Via', 'Lucca', '13', '70127'),
(12210691963, 'Via', 'Lucca', '10d', '70127'),
(12210691964, 'Via', 'Lucca', '10c', '70127'),
(12210691965, 'Via', 'Lucca', '10b', '70127'),
(12210691966, 'Via', 'Lucca', '10a', '70127'),
(12210691967, 'Via', 'Lucca', '17', '70127'),
(12210691968, 'Via', 'Lucca', '19', '70127'),
(12210691969, 'Via', 'Lucca', '15a', '70127'),
(12210691970, 'Via', 'Lucca', '15b', '70127'),
(12210691971, 'Via', 'Lucca', '10e', '70127'),
(12210691972, 'Via', 'Lucca', '10f', '70127'),
(12210691973, 'Via', 'Lucca', '10g', '70127'),
(12210691974, 'Via', 'Lucca', '10h', '70127'),
(12210691975, 'Via', 'Lucca', '10i', '70127'),
(12210691976, 'Via', 'Lucca', '12', '70127'),
(12210691977, 'Via', 'Lucca', '21', '70127'),
(12210691978, 'Via', 'Lucca', '23', '70127'),
(12210691979, 'Via', 'Lucca', '25', '70127'),
(12210691980, 'Via', 'Lucca', '27', '70127'),
(12210691981, 'Via', 'Lucca', '29', '70127'),
(12210691982, 'Via', 'Lucca', '31', '70127'),
(12210691983, 'Via', 'Lucca', '14a', '70127'),
(12210691984, 'Via', 'Lucca', '14b', '70127'),
(12210691985, 'Via', 'Lucca', '35', '70127'),
(12210691986, 'Via', 'Lucca', '39a', '70127'),
(12210691987, 'Via', 'Lucca', '33', '70127'),
(12210691988, 'Via', 'Lucca', '16', '70127'),
(12210691989, 'Via', 'Lucca', '16a', '70127'),
(12210691990, 'Via', 'Lucca', '37', '70127'),
(12210691991, 'Via', 'Lucca', '16b', '70127'),
(12210691992, 'Via', 'Lucca', '18', '70127'),
(12210691993, 'Via', 'Lucca', '20', '70127'),
(12210691994, 'Via', 'Lucca', '39', '70127'),
(12210691995, 'Via', 'Lucca', '41', '70127'),
(12210691996, 'Via', 'Lucca', '41b', '70127'),
(12210691997, 'Via', 'Lucca', '43', '70127'),
(12211385758, 'Via', 'Dante Alighieri', '63', '70121'),
(12211886909, 'Via', 'Prospero Petroni', '39', '70121'),
(12223100680, 'Via', 'San Francesco alla Rena', '8', '70123'),
(12223100681, 'Via', 'San Francesco alla Rena', '10', '70123'),
(12246195552, 'Via', 'Vincenzo Bellini', '8', '70132'),
(12246195553, 'Via', 'Vincenzo Bellini', '10', '70132'),
(12246272986, 'Via', 'Napoli', '357E', '70132'),
(12246272987, 'Via', 'Napoli', '357D', '70132'),
(12246272988, 'Via', 'Napoli', '357F', '70132'),
(12246272989, 'Via', 'Napoli', '357C', '70132'),
(12246272990, 'Via', 'Napoli', '357B', '70132'),
(12246272991, 'Via', 'Napoli', '357A', '70132'),
(12246272992, 'Via', 'Napoli', '357', '70132'),
(12246337511, 'Via', 'Vincenzo Bellini', '4', '70132'),
(12246337512, 'Via', 'Vincenzo Bellini', '2', '70132'),
(12246350021, 'Via', 'Vincenzo Bellini', '12', '70132'),
(12246350022, 'Via', 'Vincenzo Bellini', '14', '70132'),
(12246391539, 'Via', 'Vincenzo Bellini', '16', '70132'),
(12247952865, 'Corso', 'Vittorio Veneto', '40', '70123'),
(12247989067, 'Via', 'Ammiraglio Caracciolo', '38', '70123'),
(12247989069, 'Via', 'Ammiraglio Caracciolo', '36', '70123'),
(12248149355, 'Via', 'della Resistenza', '11', '70125'),
(12255916810, 'Via', 'Guglielmo Oberdan', '4A', '70126'),
(12264602280, 'Via', 'Armando Favia', '6', '70124'),
(12264602281, 'Via', 'Armando Favia', '4', '70124'),
(12264602282, 'Via', 'Armando Favia', '2', '70124'),
(12292142961, '', 'Traversa 71 di Viale Europa', '73', '70121'),
(12292201013, 'Viale', 'Francesco de Blasio', '5', '70132'),
(12302126609, 'Via', 'Domenico Nicolai', '409', '70123'),
(12302131606, 'Via', 'Domenico Nicolai', '407a', '70123'),
(12302131607, 'Via', 'Domenico Nicolai', '407b', '70123'),
(12302131608, 'Via', 'Domenico Nicolai', '407c', '70123'),
(12302131609, 'Via', 'Domenico Nicolai', '407d', '70123'),
(12304287076, '', 'Lungomare Cristoforo Colombo', '235', '70127'),
(12315765338, 'Piazza', 'Giuseppe Garibaldi', '45', '70122'),
(12315765339, 'Largo', 'Nicola Nitti Valentini', '5', '70122'),
(12325563990, 'Via', 'Prospero Petroni', '13', '70121'),
(12325563991, 'Via', 'Prospero Petroni', '7', '70121'),
(12325780312, 'Via', 'Giuseppe Fanelli', '218/b', '70125'),
(12326823144, 'Via', 'Giuseppe Forges Davanzati', '33', '70121'),
(12326823145, 'Via', 'Giuseppe Forges Davanzati', '35', '70121'),
(12326823146, 'Via', 'Giuseppe Forges Davanzati', '37', '70121'),
(12326823147, 'Via', 'Giuseppe Forges Davanzati', '29', '70121'),
(12326828082, 'Via', 'Giuseppe Forges Davanzati', '39', '70121'),
(12326828083, 'Via', 'Giuseppe Forges Davanzati', '41', '70121'),
(12326828084, 'Via', 'Giuseppe Forges Davanzati', '43', '70121'),
(12326828085, 'Via', 'Giuseppe Forges Davanzati', '45', '70121'),
(12327051629, 'Largo', 'Nicola Nitti Valentini', '12', '70122'),
(12327051630, 'Largo', 'Nicola Nitti Valentini', '11', '70122'),
(12327051631, 'Largo', 'Nicola Nitti Valentini', '10', '70122'),
(12327051632, 'Largo', 'Nicola Nitti Valentini', '9', '70122'),
(12327051633, 'Largo', 'Nicola Nitti Valentini', '8', '70122'),
(12327051634, 'Largo', 'Nicola Nitti Valentini', '7', '70122'),
(12327051635, 'Largo', 'Nicola Nitti Valentini', '6', '70122'),
(12327051636, 'Largo', 'Nicola Nitti Valentini', '4', '70122'),
(12327051637, 'Largo', 'Nicola Nitti Valentini', '2', '70122'),
(12327051638, 'Largo', 'Nicola Nitti Valentini', '1', '70122'),
(12328469253, 'Via', 'Giuseppe Forges Davanzati', '27a', '70121'),
(12328469254, 'Via', 'Giuseppe Forges Davanzati', '27', '70121'),
(12328469255, 'Via', 'Giuseppe Forges Davanzati', '25', '70121'),
(12328469256, 'Via', 'Giuseppe Forges Davanzati', '23', '70121'),
(12328469257, 'Via', 'Giuseppe Forges Davanzati', '30', '70121'),
(12328469258, 'Via', 'Giuseppe Forges Davanzati', '32', '70121'),
(12328469259, 'Via', 'Giuseppe Forges Davanzati', '34', '70121'),
(12328469260, 'Via', 'Giuseppe Forges Davanzati', '36', '70121'),
(12328469261, 'Via', 'Giuseppe Forges Davanzati', '38', '70121'),
(12328469262, 'Via', 'Giuseppe Forges Davanzati', '40', '70121'),
(12328469263, 'Via', 'Giuseppe Forges Davanzati', '42', '70121'),
(12328469264, 'Via', 'Giuseppe Forges Davanzati', '42a', '70121'),
(12328469265, 'Via', 'Giuseppe Forges Davanzati', '46', '70121'),
(12328469266, 'Via', 'Giuseppe Forges Davanzati', '48', '70121'),
(12328698611, 'Via', 'Prospero Petroni', '39a', '70121'),
(12328735307, 'Via', 'Prospero Petroni', '47', '70121'),
(12328735308, 'Via', 'Prospero Petroni', '49', '70121'),
(12328735309, 'Via', 'Prospero Petroni', '43', '70121'),
(12328735310, 'Via', 'Prospero Petroni', '41', '70121'),
(12328735311, 'Via', 'Prospero Petroni', '37', '70121'),
(12328735312, 'Via', 'Prospero Petroni', '35', '70121'),
(12328735313, 'Via', 'Prospero Petroni', '31a', '70121'),
(12328735314, 'Via', 'Prospero Petroni', '31', '70121'),
(12328735315, 'Via', 'Prospero Petroni', '29', '70121'),
(12328735316, 'Via', 'Prospero Petroni', '27', '70121'),
(12329257626, 'Via', 'Antonio Beatillo', '47', '70121'),
(12329257627, 'Via', 'Antonio Beatillo', '45', '70121'),
(12329257628, 'Via', 'Antonio Beatillo', '43', '70121'),
(12329257629, 'Via', 'Antonio Beatillo', '41', '70121'),
(12329257630, 'Via', 'Antonio Beatillo', '39', '70121'),
(12329257631, 'Via', 'Antonio Beatillo', '37', '70121'),
(12329316443, 'Via', 'Antonio Beatillo', '44', '70121'),
(12329316444, 'Via', 'Antonio Beatillo', '42', '70121'),
(12329316445, 'Via', 'Antonio Beatillo', '40', '70121'),
(12329316446, 'Via', 'Antonio Beatillo', '36', '70121'),
(12329316447, 'Via', 'Antonio Beatillo', '38', '70121'),
(12329316448, 'Via', 'Antonio Beatillo', '34', '70121'),
(12329316449, 'Via', 'Antonio Beatillo', '32a', '70121'),
(12329316450, 'Via', 'Antonio Beatillo', '32', '70121'),
(12329359320, 'Via', 'Antonio Beatillo', '24', '70121'),
(12329359321, 'Via', 'Antonio Beatillo', '26', '70121'),
(12329359322, 'Via', 'Antonio Beatillo', '28', '70121'),
(12329359323, 'Via', 'Antonio Beatillo', '30', '70121'),
(12330778986, 'Via', 'Prospero Petroni', '44', '70121'),
(12330778987, 'Via', 'Prospero Petroni', '42', '70121'),
(12330778988, 'Via', 'Prospero Petroni', '40', '70121'),
(12331048040, 'Via', 'Prospero Petroni', '32a', '70121'),
(12331048041, 'Via', 'Prospero Petroni', '30', '70121'),
(12331081738, 'Via', 'Prospero Petroni', '36', '70121'),
(12331409588, 'Via', 'Prospero Petroni', '28', '70121'),
(12331409589, 'Via', 'Prospero Petroni', '26', '70121'),
(12331409590, 'Via', 'Prospero Petroni', '24', '70121'),
(12331436713, 'Via', 'Antonio Beatillo', '35', '70121'),
(12331436714, 'Via', 'Antonio Beatillo', '33', '70121'),
(12331436715, 'Via', 'Antonio Beatillo', '31', '70121'),
(12331436716, 'Via', 'Antonio Beatillo', '29', '70121'),
(12331436717, 'Via', 'Antonio Beatillo', '27a', '70121'),
(12331436718, 'Via', 'Antonio Beatillo', '27', '70121'),
(12331436719, 'Via', 'Antonio Beatillo', '25', '70121'),
(12331436720, 'Via', 'Antonio Beatillo', '25a', '70121'),
(12334714121, 'Via', 'Prospero Petroni', '25', '70121'),
(12334714122, 'Via', 'Prospero Petroni', '23', '70121'),
(12334714123, 'Via', 'Prospero Petroni', '21a', '70121'),
(12334714124, 'Via', 'Prospero Petroni', '21', '70121'),
(12334714125, 'Via', 'Prospero Petroni', '19', '70121'),
(12334714126, 'Via', 'Prospero Petroni', '17', '70121'),
(12334714127, 'Via', 'Prospero Petroni', '15', '70121'),
(12334714128, 'Via', 'Prospero Petroni', '11', '70121'),
(12334714129, 'Via', 'Prospero Petroni', '9', '70121'),
(12334714130, 'Via', 'Prospero Petroni', '5a', '70121'),
(12334714131, 'Via', 'Prospero Petroni', '5', '70121'),
(12334714132, 'Via', 'Prospero Petroni', '3', '70121'),
(12334714133, 'Via', 'Prospero Petroni', '1', '70121'),
(12334753668, 'Via', 'Prospero Petroni', '2', '70121'),
(12334753669, 'Via', 'Prospero Petroni', '4', '70121'),
(12334753670, 'Via', 'Prospero Petroni', '6', '70121'),
(12335219993, 'Via', 'Prospero Petroni', '8', '70121'),
(12335219994, 'Via', 'Prospero Petroni', '10', '70121'),
(12335219995, 'Via', 'Prospero Petroni', '12', '70121'),
(12335219996, 'Via', 'Prospero Petroni', '14', '70121'),
(12335219997, 'Via', 'Prospero Petroni', '16', '70121'),
(12335219998, 'Via', 'Prospero Petroni', '18', '70121'),
(12335219999, 'Via', 'Prospero Petroni', '20', '70121'),
(12336925987, 'Via', 'Giuseppe Forges Davanzati', '17a', '70121'),
(12336925988, 'Via', 'Giuseppe Forges Davanzati', '17', '70121'),
(12336925989, 'Via', 'Giuseppe Forges Davanzati', '19', '70121'),
(12336925990, 'Via', 'Giuseppe Forges Davanzati', '21', '70121'),
(12336925991, 'Via', 'Giuseppe Forges Davanzati', '15', '70121'),
(12336925992, 'Via', 'Giuseppe Forges Davanzati', '13', '70121'),
(12336925993, 'Via', 'Giuseppe Forges Davanzati', '11', '70121'),
(12336925994, 'Via', 'Giuseppe Forges Davanzati', '9', '70121'),
(12336925995, 'Via', 'Giuseppe Forges Davanzati', '7', '70121'),
(12336925996, 'Via', 'Giuseppe Forges Davanzati', '5', '70121'),
(12336925997, 'Via', 'Giuseppe Forges Davanzati', '3', '70121'),
(12336925998, 'Via', 'Giuseppe Forges Davanzati', '1', '70121'),
(12344601901, 'Corso', 'Giuseppe Mazzini', '114', '70123'),
(12352227177, 'Via', 'Domenico Nicolai', '407', '70123'),
(12352227178, 'Via', 'Domenico Nicolai', '405a', '70123'),
(12352227179, 'Via', 'Domenico Nicolai', '405', '70123'),
(12352227180, 'Via', 'Domenico Nicolai', '403', '70123'),
(12352227181, 'Via', 'Domenico Nicolai', '401', '70123'),
(12352227182, 'Via', 'Domenico Nicolai', '399', '70123'),
(12352281165, 'Via', 'Niccolò Piccinni', '69', '70122'),
(12352281166, 'Via', 'Niccolò Piccinni', '67', '70122'),
(12352281167, 'Via', 'Niccolò Piccinni', '65', '70122'),
(12352281168, 'Via', 'Niccolò Piccinni', '63', '70122'),
(12352281169, 'Via', 'Niccolò Piccinni', '61', '70122'),
(12352296224, 'Via', 'Niccolò Piccinni', '59', '70122'),
(12352296225, 'Via', 'Niccolò Piccinni', '57', '70122'),
(12352296226, 'Via', 'Niccolò Piccinni', '55', '70122'),
(12352296227, 'Via', 'Niccolò Piccinni', '53', '70122'),
(12352296228, 'Via', 'Niccolò Piccinni', '51', '70122'),
(12352296229, 'Via', 'Niccolò Piccinni', '47', '70122'),
(12367918733, 'Viale', 'Papa Giovanni Ventitreesimo', '2bis', '70124'),
(12372416524, 'Viale', 'Papa Giovanni Ventitreesimo', '177', '70124'),
(12372416525, 'Viale', 'Papa Giovanni Ventitreesimo', '175', '70124'),
(12372416526, 'Viale', 'Papa Giovanni Ventitreesimo', '179', '70124'),
(12372416538, 'Viale', 'Papa Giovanni Ventitreesimo', '173bis', '70124'),
(12372416539, 'Viale', 'Papa Giovanni Ventitreesimo', '173', '70124'),
(12376415791, 'Via', 'Dante Alighieri', '67', '70121'),
(12376415792, 'Via', 'Dante Alighieri', '65', '70121'),
(12393849251, 'Via', 'Angelo Bertolini', '14sub 6', '70125'),
(12393849252, 'Via', 'Angelo Bertolini', '14sub 5', '70125'),
(12441193545, 'Strada', 'Messenape', '26/M', '70123'),
(12441404122, 'Via', 'Giuseppe Pavoncelli', '139', '70125'),
(12459748663, 'Via', 'Salvatore Cognetti', '53/55', '70121'),
(12463849175, 'Via', 'Niccolò Piccinni', '134', '70121'),
(12492516070, 'Via', 'Giuseppe Fanelli', '285', '70125'),
(12518268010, 'Strada', 'Santa Caterina', '4', '70124'),
(12529594137, 'Via', 'Marco Partipilo', '56', '70124'),
(12543659509, 'Via', 'Giuseppe Posca', '63', '70124'),
(12547065024, 'Via', 'Giulio Petroni', '121', '70124'),
(12558923586, 'Piazza', 'Carlo Poerio', '2', '70126'),
(12564983738, 'Via', 'Camillo Rosalba', '59', '70124'),
(12564983739, 'Via', 'Camillo Rosalba', '59a', '70124'),
(12567443145, 'Via', 'Tenente Cesare Suglia', '43', '70126'),
(12595573443, 'Via', 'delle Medaglie d\'Oro', '1', '70126'),
(12628410477, 'Via', 'Giuseppe Papalia', '16', '70126'),
(12628463305, 'Via', 'Giovanni Gentile', '35b', '70126'),
(12628463317, 'Via', 'Giovanni Gentile', '32b', '70126'),
(12628463318, 'Via', 'Giovanni Gentile', '32c', '70126'),
(12628463319, 'Via', 'Giovanni Gentile', '32a', '70126'),
(12628463320, 'Via', 'Giovanni Gentile', '32', '70126'),
(12628463321, 'Via', 'Giovanni Gentile', '30', '70126'),
(12633825302, 'Via', 'Giovanni Gentile', '38', '70126'),
(12635533788, 'Via', 'Giovanni Gentile', '65', '70126'),
(12637059480, 'Via', 'Giovanni Gentile', '71', '70126'),
(12771979721, 'Strada', 'San Marco', '27', '70122'),
(12771979722, 'Strada', 'San Marco', '35', '70122'),
(12771979723, 'Strada', 'San Marco', '24', '70122'),
(12771979724, 'Strada', 'San Marco', '34', '70122'),
(12778479981, 'Via', 'Abate Giacinto Gimma', '171', '70122'),
(12785366283, 'Piazza', 'Vittorio Veneto', '5', '70127'),
(12804538289, 'Via', 'Brigata Regina', '69', '70123'),
(12888071392, 'Via', 'Giuseppe Pavoncelli', '124', '70125'),
(12915137762, 'Via', 'Nazionale', '13d', '70121'),
(12928063290, 'Strada', 'Pizzillo', '6a', '70128'),
(12928072572, 'Strada', 'Pizzillo', '8', '70128'),
(12944449939, 'Via', 'Nazionale', '9/b3', '70128'),
(12971198814, 'Via', 'Carlo Guarnieri', '12', '70126'),
(12992078439, 'Corso', 'Vittorio Emanuele Secondo', '91;93', '70122'),
(12994009068, 'Viale', 'Europa', '22c', '70132'),
(12994009069, 'Viale', 'Europa', '22/11', '70132'),
(12994009070, 'Viale', 'Europa', '22', '70132'),
(12994009071, 'Viale', 'Europa', '22', '70132'),
(12994009072, 'Viale', 'Europa', '22', '70132'),
(13004261238, 'Via', 'Orfeo Mazzitelli', '258e', '70124');

-- --------------------------------------------------------

--
-- Struttura della tabella `jobs`
--

CREATE TABLE `jobs` (
  `id` bigint(20) UNSIGNED NOT NULL,
  `queue` varchar(255) NOT NULL,
  `payload` longtext NOT NULL,
  `attempts` tinyint(3) UNSIGNED NOT NULL,
  `reserved_at` int(10) UNSIGNED DEFAULT NULL,
  `available_at` int(10) UNSIGNED NOT NULL,
  `created_at` int(10) UNSIGNED NOT NULL
) ENGINE=InnoDB DEFAULT CHARSET=utf8mb4 COLLATE=utf8mb4_unicode_ci;

-- --------------------------------------------------------

--
-- Struttura della tabella `job_batches`
--

CREATE TABLE `job_batches` (
  `id` varchar(255) NOT NULL,
  `name` varchar(255) NOT NULL,
  `total_jobs` int(11) NOT NULL,
  `pending_jobs` int(11) NOT NULL,
  `failed_jobs` int(11) NOT NULL,
  `failed_job_ids` longtext NOT NULL,
  `options` mediumtext DEFAULT NULL,
  `cancelled_at` int(11) DEFAULT NULL,
  `created_at` int(11) NOT NULL,
  `finished_at` int(11) DEFAULT NULL
) ENGINE=InnoDB DEFAULT CHARSET=utf8mb4 COLLATE=utf8mb4_unicode_ci;

-- --------------------------------------------------------

--
-- Struttura della tabella `lavoratori`
--

CREATE TABLE `lavoratori` (
  `id_lavoratore` bigint(20) UNSIGNED NOT NULL,
  `nome` varchar(255) NOT NULL,
  `cognome` varchar(255) NOT NULL,
  `admin` tinyint(1) NOT NULL DEFAULT 0,
  `email` varchar(255) NOT NULL,
  `password` varchar(255) NOT NULL
) ENGINE=InnoDB DEFAULT CHARSET=utf8mb4 COLLATE=utf8mb4_unicode_ci;

--
-- Dump dei dati per la tabella `lavoratori`
--

INSERT INTO `lavoratori` (`id_lavoratore`, `nome`, `cognome`, `admin`, `email`, `password`) VALUES
(1, 'Mario', 'Rossi', 1, 'francescotria26@gmail.com', '$2y$12$MwFli5zuu/4KmQcUweMS9ejoirKMg2b7juuKb/ohWGlRl6tL9WLGi'),
(2, 'Mario', 'Neri', 0, 'mario.rossi@example.com', '$2y$12$MwFli5zuu/4KmQcUweMS9ejoirKMg2b7juuKb/ohWGlRl6tL9WLGi'),
(3, 'Francesco', 'Tria', 0, 'francescotria78@gmail.com', '$2y$12$NGj1AWndDp1DSTDg4NLJtuJEsnUlm5xZQbiZV/0z4ttDr3k029jiy'),
(4, 'Nicolas', 'Ferrante', 0, 'b@gmail.com', '$2y$12$tCXTJ9Ab6.WE.OVYaiq72.hgjM9yHJsCWg9cSOD4oNYRZoB1hrjq6');

-- --------------------------------------------------------

--
-- Struttura della tabella `migrations`
--

CREATE TABLE `migrations` (
  `id` int(10) UNSIGNED NOT NULL,
  `migration` varchar(255) NOT NULL,
  `batch` int(11) NOT NULL
) ENGINE=InnoDB DEFAULT CHARSET=utf8mb4 COLLATE=utf8mb4_unicode_ci;

--
-- Dump dei dati per la tabella `migrations`
--

INSERT INTO `migrations` (`id`, `migration`, `batch`) VALUES
(1, '0001_01_01_000000_create_users_table', 1),
(2, '0001_01_01_000001_create_cache_table', 1),
(3, '0001_01_01_000002_create_jobs_table', 1),
(4, '2025_07_21_150652_cognome_to_users', 1),
(7, '2025_07_22_141349_create_calendario_only_table', 3),
(9, '2025_07_24_000000_create_indirizzi_table', 4),
(10, '2025_07_24_200000_add_cap_foreign_to_indirizzi_table', 5);

-- --------------------------------------------------------

--
-- Struttura della tabella `password_reset_tokens`
--

CREATE TABLE `password_reset_tokens` (
  `email` varchar(255) NOT NULL,
  `token` varchar(255) NOT NULL,
  `created_at` timestamp NULL DEFAULT NULL
) ENGINE=InnoDB DEFAULT CHARSET=utf8mb4 COLLATE=utf8mb4_unicode_ci;

-- --------------------------------------------------------

--
-- Struttura della tabella `sessions`
--

CREATE TABLE `sessions` (
  `id` varchar(255) NOT NULL,
  `user_id` bigint(20) UNSIGNED DEFAULT NULL,
  `ip_address` varchar(45) DEFAULT NULL,
  `user_agent` text DEFAULT NULL,
  `payload` longtext NOT NULL,
  `last_activity` int(11) NOT NULL
) ENGINE=InnoDB DEFAULT CHARSET=utf8mb4 COLLATE=utf8mb4_unicode_ci;

--
-- Dump dei dati per la tabella `sessions`
--

INSERT INTO `sessions` (`id`, `user_id`, `ip_address`, `user_agent`, `payload`, `last_activity`) VALUES
('WYZw5ZZvQqgRisMvYz1ZRwkWo94otLgGxzsKri8n', NULL, '127.0.0.1', 'Mozilla/5.0 (Windows NT 10.0; Win64; x64) AppleWebKit/537.36 (KHTML, like Gecko) Chrome/138.0.0.0 Safari/537.36', 'YTozOntzOjY6Il90b2tlbiI7czo0MDoiTW5OTUdpcHh4dUpBMXdOZzF4cHhFNmtNVWtydFp1dlJ1U1daRzM4MyI7czo2OiJfZmxhc2giO2E6Mjp7czozOiJvbGQiO2E6MDp7fXM6MzoibmV3IjthOjA6e319czo5OiJfcHJldmlvdXMiO2E6MTp7czozOiJ1cmwiO3M6MjE6Imh0dHA6Ly8xMjcuMC4wLjE6ODAwMCI7fX0=', 1753372759);

-- --------------------------------------------------------

--
-- Struttura della tabella `users`
--

CREATE TABLE `users` (
  `id` bigint(20) UNSIGNED NOT NULL,
  `id_indirizzo` bigint(20) UNSIGNED DEFAULT NULL,
  `nome` varchar(255) NOT NULL,
  `cognome` varchar(255) NOT NULL,
  `email` varchar(255) NOT NULL,
  `email_verified_at` timestamp NULL DEFAULT NULL,
  `password` varchar(255) NOT NULL,
  `remember_token` varchar(100) DEFAULT NULL,
  `created_at` timestamp NULL DEFAULT NULL,
  `updated_at` timestamp NULL DEFAULT NULL
) ENGINE=InnoDB DEFAULT CHARSET=utf8mb4 COLLATE=utf8mb4_unicode_ci;

--
-- Dump dei dati per la tabella `users`
--

INSERT INTO `users` (`id`, `id_indirizzo`, `nome`, `cognome`, `email`, `email_verified_at`, `password`, `remember_token`, `created_at`, `updated_at`) VALUES
(2, NULL, 'edfg', 'sdfnm', 'f.tria8@studenti.uniba.it', '2025-07-24 11:09:42', '$2y$12$0d22FtPPoN6C.AqpNHvouuNltn9Z.3HHs/W4aCS8t2THGlr3aQs6W', NULL, '2025-07-22 10:58:12', '2025-07-22 10:58:12'),
(3, NULL, 'Margherita', 'Lorusso', 'a@gmail.com', NULL, '$2y$12$7NFNn9Ct..qMwc1GJfmfSOJMuF5FLwMGH9yiEAg5Ndbkft7nj0Hoq', NULL, '2025-07-23 09:02:13', '2025-07-23 09:02:13'),
(4, NULL, 'Nicolas', 'Girardi', 'aa@gmail.com', NULL, '$2y$12$xq/H3vdsgA9bZ9fPK9oB7O5QsE.dmeH/cOVBreW.9DN1RzHggw5X6', NULL, '2025-07-23 10:56:34', '2025-07-23 10:56:34'),
(5, 617297633, 'Francesco', 'Tria', '1@gmail.com', '2025-07-24 11:09:49', '$2y$12$0WAIpVq3fuIXPu7wSA6AAulw0hD.c6Y6dR2FNmijXoxU5bXEKsR/O', NULL, '2025-07-24 09:07:40', '2025-07-24 09:07:40'),
(6, 652447467, 'Francesco', 'Tria', 'francescotria26@gmail.com', NULL, '$2y$12$wA.YzWugD9DMZpn33GJKZupgEVaWpyGdh9cg9RaK0UsUPY1ZmhkV.', NULL, '2025-07-24 09:09:10', '2025-07-24 09:09:10'),
(7, 624106051, 'Francesco', 'Tria', '11@gmail.com', NULL, '$2y$12$BPNHhXjCZ1ml.ikKZqf3qObSxTj9dC9osxHcjw3NJT8WrBnweokWe', NULL, '2025-07-24 09:21:08', '2025-07-24 09:21:08'),
(8, 1202920259, 'Biagio', 'Scaglia', '3@gmail.com', NULL, '$2y$12$Q1xf0Ardqh5EEvQTveo7lexS720eZaL9qGZ4J4yG0gLutpuI7rvUO', NULL, '2025-07-24 09:27:34', '2025-07-24 09:27:34'),
(9, 12328735312, 'Giuseppe', 'Di Leo', 'z@gmail.com', NULL, '$2y$12$Oj4QXNiluUJ2OSgJKsfwQuujzMDXya9PJR4k2cjJkiNf1nVUvF70G', NULL, '2025-07-24 09:46:23', '2025-07-24 09:46:23');

--
-- Indici per le tabelle scaricate
--

--
-- Indici per le tabelle `avvisi`
--
ALTER TABLE `avvisi`
  ADD PRIMARY KEY (`id_avviso`),
  ADD KEY `avvisi_id_cliente_foreign` (`id_cliente`),
  ADD KEY `fk_avvisi_lavoratore` (`id_lavoratore`);

--
-- Indici per le tabelle `cache`
--
ALTER TABLE `cache`
  ADD PRIMARY KEY (`key`);

--
-- Indici per le tabelle `cache_locks`
--
ALTER TABLE `cache_locks`
  ADD PRIMARY KEY (`key`);

--
-- Indici per le tabelle `calendario`
--
ALTER TABLE `calendario`
  ADD PRIMARY KEY (`CAP`);

--
-- Indici per le tabelle `failed_jobs`
--
ALTER TABLE `failed_jobs`
  ADD PRIMARY KEY (`id`),
  ADD UNIQUE KEY `failed_jobs_uuid_unique` (`uuid`);

--
-- Indici per le tabelle `indirizzi`
--
ALTER TABLE `indirizzi`
  ADD PRIMARY KEY (`id_indirizzo`),
  ADD KEY `indirizzi_cap_foreign` (`CAP`);

--
-- Indici per le tabelle `jobs`
--
ALTER TABLE `jobs`
  ADD PRIMARY KEY (`id`),
  ADD KEY `jobs_queue_index` (`queue`);

--
-- Indici per le tabelle `job_batches`
--
ALTER TABLE `job_batches`
  ADD PRIMARY KEY (`id`);

--
-- Indici per le tabelle `lavoratori`
--
ALTER TABLE `lavoratori`
  ADD PRIMARY KEY (`id_lavoratore`),
  ADD UNIQUE KEY `lavoratori_email_unique` (`email`);

--
-- Indici per le tabelle `migrations`
--
ALTER TABLE `migrations`
  ADD PRIMARY KEY (`id`);

--
-- Indici per le tabelle `password_reset_tokens`
--
ALTER TABLE `password_reset_tokens`
  ADD PRIMARY KEY (`email`);

--
-- Indici per le tabelle `sessions`
--
ALTER TABLE `sessions`
  ADD PRIMARY KEY (`id`),
  ADD KEY `sessions_user_id_index` (`user_id`),
  ADD KEY `sessions_last_activity_index` (`last_activity`);

--
-- Indici per le tabelle `users`
--
ALTER TABLE `users`
  ADD PRIMARY KEY (`id`),
  ADD UNIQUE KEY `users_email_unique` (`email`),
  ADD KEY `users_id_indirizzo_foreign` (`id_indirizzo`);

--
-- AUTO_INCREMENT per le tabelle scaricate
--

--
-- AUTO_INCREMENT per la tabella `avvisi`
--
ALTER TABLE `avvisi`
  MODIFY `id_avviso` bigint(20) UNSIGNED NOT NULL AUTO_INCREMENT, AUTO_INCREMENT=24;

--
-- AUTO_INCREMENT per la tabella `failed_jobs`
--
ALTER TABLE `failed_jobs`
  MODIFY `id` bigint(20) UNSIGNED NOT NULL AUTO_INCREMENT;

--
-- AUTO_INCREMENT per la tabella `indirizzi`
--
ALTER TABLE `indirizzi`
  MODIFY `id_indirizzo` bigint(20) UNSIGNED NOT NULL AUTO_INCREMENT, AUTO_INCREMENT=13004261240;

--
-- AUTO_INCREMENT per la tabella `jobs`
--
ALTER TABLE `jobs`
  MODIFY `id` bigint(20) UNSIGNED NOT NULL AUTO_INCREMENT;

--
-- AUTO_INCREMENT per la tabella `lavoratori`
--
ALTER TABLE `lavoratori`
  MODIFY `id_lavoratore` bigint(20) UNSIGNED NOT NULL AUTO_INCREMENT, AUTO_INCREMENT=5;

--
-- AUTO_INCREMENT per la tabella `migrations`
--
ALTER TABLE `migrations`
  MODIFY `id` int(10) UNSIGNED NOT NULL AUTO_INCREMENT, AUTO_INCREMENT=11;

--
-- AUTO_INCREMENT per la tabella `users`
--
ALTER TABLE `users`
  MODIFY `id` bigint(20) UNSIGNED NOT NULL AUTO_INCREMENT, AUTO_INCREMENT=10;

--
-- Limiti per le tabelle scaricate
--

--
-- Limiti per la tabella `avvisi`
--
ALTER TABLE `avvisi`
  ADD CONSTRAINT `avvisi_id_cliente_foreign` FOREIGN KEY (`id_cliente`) REFERENCES `users` (`id`) ON DELETE CASCADE,
  ADD CONSTRAINT `fk_avvisi_lavoratore` FOREIGN KEY (`id_lavoratore`) REFERENCES `lavoratori` (`id_lavoratore`) ON DELETE CASCADE ON UPDATE CASCADE;

--
-- Limiti per la tabella `indirizzi`
--
ALTER TABLE `indirizzi`
  ADD CONSTRAINT `indirizzi_cap_foreign` FOREIGN KEY (`CAP`) REFERENCES `calendario` (`CAP`) ON DELETE SET NULL;

--
-- Limiti per la tabella `users`
--
ALTER TABLE `users`
  ADD CONSTRAINT `users_id_indirizzo_foreign` FOREIGN KEY (`id_indirizzo`) REFERENCES `indirizzi` (`id_indirizzo`) ON DELETE SET NULL;
COMMIT;

/*!40101 SET CHARACTER_SET_CLIENT=@OLD_CHARACTER_SET_CLIENT */;
/*!40101 SET CHARACTER_SET_RESULTS=@OLD_CHARACTER_SET_RESULTS */;
/*!40101 SET COLLATION_CONNECTION=@OLD_COLLATION_CONNECTION */;
